from,to,length_m,is_stairs,highway
0,1,94.49,0,service
0,465,26.27,0,living_street
0,1358,6.68,0,living_street
1,0,94.49,0,service
2,994,15.59,0,residential
2,1292,11.97,0,residential
2,1297,45.27,0,footway
2,1609,3.80,0,footway
3,1143,59.63,0,path
3,1298,9.94,0,residential
3,1300,43.89,0,residential
3,1618,5.58,0,service
4,458,10.58,0,residential
4,520,18.73,0,service
4,1838,8.90,0,residential
5,459,31.85,0,service
5,525,4.25,0,footway
5,1632,46.40,1,footway|steps
5,1810,111.86,0,service
6,407,27.00,0,service
6,853,48.56,0,service
6,1480,4.63,0,footway
7,33,25.16,0,service
7,478,59.59,0,service
7,516,29.82,0,service
7,544,76.92,0,residential
8,76,103.81,0,tertiary
8,866,67.40,0,track
8,871,42.96,0,tertiary
9,209,51.41,0,tertiary
9,1959,63.90,0,tertiary
10,447,24.25,0,service
10,1368,4.39,0,service
10,1540,26.13,0,footway
11,164,27.68,0,service
11,189,37.98,0,footway
11,1481,12.74,0,service
12,13,19.42,0,service
12,1538,7.30,0,service
12,1539,8.20,0,service
13,12,19.42,0,service
13,551,32.00,0,service
13,1124,41.65,0,footway
13,1928,9.68,1,footway|steps
14,79,37.04,0,service
14,1536,26.10,0,service
14,1754,3.46,0,service
15,328,17.70,0,secondary
15,1215,22.15,0,secondary
15,1838,104.68,0,residential
16,1071,7.13,0,tertiary
17,496,54.64,0,residential
17,1217,5.18,0,service
17,1773,40.22,0,residential
18,49,553.85,0,secondary
18,210,16.34,0,path
18,1047,13.06,0,secondary
19,1214,5.60,0,secondary
19,1300,9.11,0,residential
19,1302,6.49,0,secondary
20,21,236.63,0,secondary
20,1302,151.02,0,secondary
20,1622,35.00,0,living_street
21,20,236.63,0,secondary
22,323,14.52,0,footway
22,512,192.00,0,secondary
22,550,11.83,0,footway
22,1827,25.86,0,secondary
23,203,17.22,0,service
23,330,40.09,0,unclassified
23,1070,157.76,0,unclassified
24,275,39.74,0,living_street
24,1301,4.08,0,living_street
24,1622,8.08,0,living_street
25,464,7.76,0,living_street
25,1345,13.75,0,service
25,1355,50.41,0,service
26,129,129.13,0,tertiary
26,130,27.62,0,service
26,911,62.01,0,tertiary
27,1323,41.82,0,service
28,38,18.97,0,secondary_link
28,47,25.35,0,secondary
28,120,398.43,0,secondary
29,273,48.84,0,living_street
29,1301,18.73,0,living_street
29,1344,28.99,0,service
30,32,104.91,0,service
30,535,118.51,0,service
30,1145,40.37,0,path
30,1299,21.72,0,service
31,1142,69.09,0,path
31,1296,15.27,0,service
31,1299,45.22,0,service
32,30,104.91,0,service
32,1578,106.75,0,service
32,1952,23.88,0,path
33,7,25.16,0,service
33,541,58.67,0,track
33,600,30.97,0,service
34,35,11.41,0,service
34,518,71.21,0,service
34,521,27.30,0,service
34,1734,83.20,0,footway|path
35,34,11.41,0,service
35,1253,16.86,0,service
35,1706,3.71,0,track
36,38,15.97,0,secondary_link
36,1579,11.68,0,secondary_link
36,1589,22.78,0,service
37,40,19.76,0,service
37,1212,129.61,0,service
37,1589,170.86,0,service
38,28,18.97,0,secondary_link
38,36,15.97,0,secondary_link
38,875,9.72,0,footway
39,41,20.16,0,service
39,44,176.28,0,service
39,1442,52.15,0,service
39,1852,5.06,0,service
40,37,19.76,0,service
40,41,17.46,0,service
40,45,177.39,0,service
40,1877,5.34,0,service
41,39,20.16,0,service
41,40,17.46,0,service
41,48,177.07,0,service
41,1854,5.56,0,service
42,1212,19.99,0,service
42,1852,116.11,0,service
42,1854,100.77,0,service
43,833,14.69,0,service
43,1816,40.24,0,service
43,1817,111.24,0,service
44,39,176.28,0,service
44,48,20.39,0,service
44,1580,35.98,0,service
44,1817,3.75,0,service
45,40,177.39,0,service
45,48,17.19,0,service
45,1313,2.48,0,service
45,1819,8.18,0,service
46,52,18.75,0,secondary_link
46,1313,27.33,0,service
46,1579,15.04,0,secondary_link
47,28,25.35,0,secondary
47,875,12.15,0,secondary_link
47,1049,22.86,0,secondary
48,41,177.07,0,service
48,44,20.39,0,service
48,45,17.19,0,service
48,1816,5.57,0,service
49,18,553.85,0,secondary
49,1036,424.40,0,secondary
49,1917,97.58,0,track
50,276,40.99,0,track
50,419,58.52,0,path
50,1917,108.70,0,track
51,120,19.42,0,track
51,207,288.15,0,path
52,46,18.75,0,secondary_link
52,875,10.33,0,footway
52,1049,21.21,0,secondary_link
52,1050,20.95,0,footway
53,54,39.39,0,footway
53,560,121.00,0,path
53,1817,55.88,0,footway
54,53,39.39,0,footway
54,56,113.14,0,footway
54,58,75.09,0,footway
55,1173,9.53,0,service
55,1311,48.31,0,secondary
55,1312,264.95,0,secondary
56,54,113.14,0,footway
56,1137,41.66,0,footway
56,1516,53.58,0,footway
57,67,22.92,0,footway
57,1173,22.37,0,service
57,1516,8.40,0,service
58,54,75.09,0,footway
59,60,108.61,0,service
59,1515,61.10,0,footway|service
59,1516,97.58,0,service
60,59,108.61,0,service
60,1277,87.06,0,service
60,1514,63.55,0,service
61,62,70.50,0,service
61,492,147.74,0,living_street
61,1514,13.62,0,service
62,61,70.50,0,service
62,311,25.81,0,service
62,1587,24.41,0,footway|service
63,125,16.39,0,service
63,309,28.62,0,service
63,311,32.51,0,service
64,1075,17.56,0,footway
65,1043,5.23,0,service
66,559,8.18,0,path
67,57,22.92,0,footway
67,68,30.84,0,footway
67,1515,15.97,0,footway
68,67,30.84,0,footway
68,69,38.43,0,footway
68,1064,30.16,0,footway
69,68,38.43,0,footway
69,70,33.30,0,footway
69,1195,31.94,0,path
70,69,33.30,0,footway
70,1040,28.86,0,footway
70,1590,12.52,0,footway
71,72,52.48,0,living_street
71,206,45.27,0,living_street
71,1850,239.12,0,living_street
72,71,52.48,0,living_street
72,207,107.54,1,footway|steps
72,1655,20.47,0,living_street|track
73,591,103.95,0,service
74,75,58.62,0,service
74,355,10.60,0,footway
74,1543,30.31,0,service
75,74,58.62,0,service
75,1425,77.02,0,service
76,8,103.81,0,tertiary
76,866,49.78,0,track
77,78,42.05,0,service
77,512,69.66,0,secondary
77,1575,12.90,0,secondary
78,77,42.05,0,service
79,14,37.04,0,service
79,80,33.74,0,service
79,809,8.80,1,steps
80,79,33.74,0,service
80,1422,8.63,0,service
80,1675,4.28,0,footway
80,1676,5.34,0,footway
81,1385,16.60,0,service
81,1422,27.72,0,service
81,1534,8.54,1,footway|steps
81,1758,3.38,0,footway
82,1073,41.30,0,service
82,1419,30.83,0,service
82,1722,5.26,0,path
83,451,61.70,0,track
83,469,24.81,0,path
83,1015,91.97,0,track
84,85,391.65,0,track
84,129,313.58,0,tertiary
84,1959,62.31,0,tertiary
85,84,391.65,0,track
85,86,130.28,0,track
85,89,33.89,0,path
86,85,130.28,0,track
87,88,47.44,0,footway
87,803,17.84,0,footway
87,1721,44.70,0,footway
88,87,47.44,0,footway
88,927,34.45,0,footway
88,1391,29.38,0,footway
89,85,33.89,0,path
89,91,8.51,0,path
89,92,18.45,0,path
90,92,144.12,0,path
90,93,429.21,0,track
91,89,8.51,0,path
92,89,18.45,0,path
92,90,144.12,0,path
92,94,398.10,0,path
93,90,429.21,0,track
93,94,14.99,0,track
94,92,398.10,0,path
94,93,14.99,0,track
94,95,12.95,0,track
95,94,12.95,0,track
95,121,1030.58,0,track
96,97,11.91,0,service
96,1324,23.43,0,service
96,1450,15.36,0,footway
97,96,11.91,0,service
97,1073,4.87,0,service
97,1452,2.75,0,footway
98,100,47.03,0,unclassified
98,106,297.00,0,residential
98,1070,27.67,0,unclassified
99,104,21.65,0,residential
99,554,46.80,0,service
99,1328,45.66,0,residential
100,98,47.03,0,unclassified
100,331,75.62,0,living_street
101,539,21.84,0,residential
101,1680,55.64,0,residential
101,1681,57.31,0,residential
102,204,34.72,0,residential
102,321,33.12,0,service
102,1328,91.85,0,residential
102,1331,29.95,0,footway
103,228,24.07,0,residential
103,231,25.39,0,residential
103,540,20.95,0,service
104,99,21.65,0,residential
104,554,56.85,0,service
104,937,9.55,0,residential
105,106,62.02,0,residential
105,107,62.04,0,service
105,552,219.46,0,residential
106,98,297.00,0,residential
106,105,62.02,0,residential
106,468,124.21,0,path
107,105,62.04,0,service
108,109,45.64,0,secondary
108,880,13.94,0,secondary
109,108,45.64,0,secondary
109,110,40.94,0,secondary
110,109,40.94,0,secondary
110,569,6.41,0,footway
110,906,5.02,0,footway
110,1066,12.20,0,secondary
111,120,99.95,0,secondary
112,113,15.68,0,secondary
112,1215,32.97,0,secondary
112,1680,7.14,0,residential
113,112,15.68,0,secondary
113,751,103.21,0,secondary
113,1681,8.18,0,residential
114,970,47.02,0,pedestrian
114,1435,4.70,0,service
114,1439,12.10,0,service
115,970,45.77,0,pedestrian
115,1433,6.66,0,footway
115,1548,68.46,0,pedestrian
116,117,44.91,0,service
116,1078,34.72,0,footway
116,1483,15.60,0,service
117,116,44.91,0,service
117,1192,32.27,0,service
117,1487,69.56,0,pedestrian
118,945,7.97,0,service
119,561,22.28,0,service
119,947,159.58,0,service
119,1750,20.11,0,service
120,28,398.43,0,secondary
120,51,19.42,0,track
120,111,99.95,0,secondary
121,95,1030.58,0,track
121,123,9.49,0,track
122,124,53.92,0,path
123,121,9.49,0,track
123,124,194.93,0,path
124,122,53.92,0,path
124,123,194.93,0,path
124,866,11.69,0,path
125,63,16.39,0,service
125,716,6.62,0,service
125,1502,6.27,0,service
126,1460,26.24,0,service
126,1498,25.85,1,footway|steps
126,1502,23.68,0,service
127,317,53.75,0,path
127,318,139.82,0,path
127,1306,19.82,0,path
128,180,13.15,0,footway
128,482,55.21,0,footway
128,1112,67.44,1,footway|steps
128,1198,139.70,0,footway
129,26,129.13,0,tertiary
129,84,313.58,0,tertiary
129,135,33.88,0,service
130,26,27.62,0,service
130,146,145.33,0,service
130,503,127.51,0,service
131,141,57.57,0,service
131,143,15.68,0,service
131,983,5.73,0,service
132,145,13.05,0,service
132,147,21.58,1,footway|steps
132,576,15.70,0,service
133,583,14.15,0,service
133,908,18.59,0,footway
133,1556,19.76,0,service
134,138,19.21,0,service
134,141,36.39,0,service
134,142,30.08,0,service
135,129,33.88,0,service
135,692,9.90,0,service
135,1504,60.68,0,service
136,894,37.77,0,service
136,1556,17.39,0,service
136,1557,13.92,0,service
137,145,18.67,0,service
137,575,31.75,0,footway
137,677,16.89,0,service
137,696,31.80,0,footway
138,134,19.21,0,service
138,1009,10.41,0,footway
138,1254,9.61,0,service
139,577,14.68,0,service
139,691,27.46,0,service
139,692,28.57,0,service
140,153,21.75,0,service
140,677,11.41,0,service
140,1245,24.81,0,service
141,131,57.57,0,service
141,134,36.39,0,service
141,1873,12.53,0,service
142,134,30.08,0,service
142,1072,7.63,0,footway
142,1254,10.29,0,service
143,131,15.68,0,service
143,1071,153.24,0,tertiary
143,1773,4.58,0,residential
144,894,16.00,0,service
144,1555,18.72,0,service
144,1557,15.92,0,service
145,132,13.05,0,service
145,137,18.67,0,service
145,577,19.96,0,service
146,130,145.33,0,service
147,132,21.58,1,footway|steps
147,575,6.82,0,footway
147,669,34.30,0,footway
147,868,9.99,0,footway
148,659,5.62,0,footway
148,664,26.82,0,footway
148,672,23.35,0,footway
149,150,23.75,0,service
149,688,14.87,0,footway
149,691,36.00,0,service
150,149,23.75,0,service
150,686,10.91,0,footway
150,1558,2.43,0,service
151,303,48.08,0,service
151,644,14.62,1,footway|steps
151,655,9.87,0,service
151,657,28.28,0,footway
152,303,10.13,0,service
152,643,15.95,0,living_street|service
152,890,43.06,1,footway|steps
153,140,21.75,0,service
153,154,25.30,1,footway|steps
153,666,11.92,1,footway|steps
153,695,28.76,0,service
154,153,25.30,1,footway|steps
154,1503,3.80,0,footway
154,1845,40.79,0,footway
155,448,74.92,0,service
155,565,9.79,0,service
155,1599,6.13,0,path
156,401,41.60,1,footway|steps
157,158,31.08,0,footway
158,157,31.08,0,footway
158,705,9.11,0,footway
158,1624,14.49,0,footway
159,446,43.65,0,footway
159,572,61.96,0,footway
159,1624,13.27,0,footway
160,1280,25.59,0,footway
161,163,10.49,0,footway
161,960,22.04,0,footway
161,1433,32.73,1,footway|steps
162,166,10.40,0,footway
162,981,3.12,0,footway
162,1268,7.85,1,steps
163,161,10.49,0,footway
163,184,83.95,0,footway
163,1012,29.18,0,footway
164,11,27.68,0,service
164,189,28.09,1,footway|steps
164,1367,18.87,0,service
164,1751,31.17,0,footway
165,187,26.46,0,footway
165,361,28.18,0,footway
165,1882,43.64,0,footway
166,162,10.40,0,footway
166,1266,22.93,1,footway|steps
166,1495,5.21,0,footway
167,175,20.85,1,footway|steps
167,182,36.09,1,footway|steps
167,573,43.04,0,footway
168,188,31.17,0,living_street
168,191,20.54,0,living_street
168,1778,45.08,0,footway
169,170,17.98,0,footway
169,195,32.76,0,footway
169,414,37.34,0,footway
169,1482,24.29,0,path
170,169,17.98,0,footway
170,178,41.57,0,path
170,1378,25.27,0,footway
170,1482,27.13,0,path
171,172,37.61,0,footway
171,178,24.11,0,footway
171,1378,22.90,0,footway
172,171,37.61,0,footway
172,183,36.05,0,footway
172,1017,9.56,0,footway
173,421,12.68,0,service
173,1179,17.40,0,footway
173,1486,40.45,0,footway
174,181,28.02,0,footway
174,486,18.14,0,footway
174,502,31.36,0,footway
174,1775,50.96,0,footway
175,167,20.85,1,footway|steps
175,401,134.73,0,footway
175,1625,49.94,0,footway
176,1540,34.43,0,footway
176,1600,26.19,0,footway
176,1882,11.34,0,footway
177,561,12.58,0,footway
177,947,44.47,0,footway
177,1052,13.11,0,footway
178,170,41.57,0,path
178,171,24.11,0,footway
178,185,23.18,0,footway
178,1154,13.42,1,footway|steps
179,945,8.07,0,footway
179,1165,21.43,0,footway
179,1712,83.89,0,footway
180,128,13.15,0,footway
180,186,17.38,1,footway|steps
180,913,24.92,0,footway
180,1197,151.35,0,footway
181,174,28.02,0,footway
181,502,22.09,0,footway
181,769,10.50,0,footway
181,770,6.59,0,footway
182,167,36.09,1,footway|steps
182,186,51.43,1,footway|steps
182,574,37.42,0,footway
182,1697,84.21,0,footway
183,172,36.05,0,footway
183,192,9.93,0,footway
183,1378,12.76,0,footway
184,163,83.95,0,footway
184,1052,13.67,0,footway
184,1780,22.85,0,footway
185,178,23.18,0,footway
185,195,29.82,0,footway
185,1390,13.28,0,footway
186,180,17.38,1,footway|steps
186,182,51.43,1,footway|steps
186,574,30.91,0,footway
187,165,26.46,0,footway
187,366,3.01,0,path
187,401,129.75,0,footway
188,168,31.17,0,living_street
188,768,13.65,0,footway
188,1218,4.69,0,living_street
189,11,37.98,0,footway
189,164,28.09,1,footway|steps
189,192,5.65,0,footway
190,561,24.04,0,footway
190,948,161.85,0,footway
190,1750,20.19,0,footway
191,168,20.54,0,living_street
191,1112,10.04,0,living_street
191,1240,40.12,0,living_street
192,183,9.93,0,footway
192,189,5.65,0,footway
192,1155,13.10,0,footway
193,957,41.28,0,footway
193,1114,31.21,1,footway|steps
193,1379,9.21,0,footway
193,1396,12.65,0,pedestrian
194,199,7.69,0,footway
194,1011,59.77,0,footway
194,1078,31.69,0,footway
195,169,32.76,0,footway
195,185,29.82,0,footway
195,1765,19.48,0,footway
196,408,31.40,0,service
196,1112,9.29,0,living_street
196,1198,82.81,0,footway
197,1155,3.30,0,footway
198,428,46.05,0,footway
198,1368,60.12,1,footway|steps
198,1532,51.37,0,path
198,1886,84.72,0,footway|path
198,1934,104.75,0,footway
199,194,7.69,0,footway
199,1179,21.11,0,footway
199,1484,18.49,0,footway
200,447,102.83,0,service
200,1282,15.22,0,service
200,1934,22.28,0,footway
201,360,23.56,0,service
201,825,26.10,0,service
201,1398,7.11,0,footway
201,1750,108.65,0,footway
202,421,11.53,0,living_street
202,474,24.12,0,living_street
202,564,23.83,0,living_street
203,23,17.22,0,service
203,591,11.20,0,service
203,1382,67.19,0,service
204,102,34.72,0,residential
204,205,26.48,0,pedestrian
204,418,82.16,0,residential
205,204,26.48,0,pedestrian
205,319,19.30,1,steps
205,989,35.31,0,pedestrian
206,71,45.27,0,living_street
207,51,288.15,0,path
207,72,107.54,1,footway|steps
207,1592,175.59,1,footway|steps
207,1689,577.02,0,path
208,236,84.02,0,service|track
208,334,231.64,0,path
208,473,115.74,0,path
209,9,51.41,0,tertiary
209,1038,369.21,0,tertiary
210,18,16.34,0,path
210,1054,259.52,0,path
210,1859,105.96,0,path
210,1958,119.45,0,path
211,212,22.32,1,footway|steps
211,778,87.69,0,footway
212,211,22.32,1,footway|steps
212,1622,12.33,0,footway
213,275,52.62,0,footway|path
213,1321,23.14,0,footway
213,1622,44.12,0,footway
214,1307,94.36,0,footway
214,1321,34.91,0,footway
214,1358,14.65,0,footway
215,216,44.42,0,footway|service
215,780,43.28,0,footway
215,1206,36.35,0,footway
216,215,44.42,0,footway|service
216,1029,18.37,0,service
216,1865,21.30,0,service
217,265,11.11,0,service
217,782,41.70,0,living_street|service
217,784,24.88,0,service
217,1865,40.78,0,service
218,224,15.34,0,footway
218,1869,24.15,0,footway
218,1910,15.08,0,footway
219,220,29.97,0,footway|pedestrian
219,752,17.96,0,footway
219,754,29.19,0,pedestrian
219,987,24.81,1,footway|steps
220,219,29.97,0,footway|pedestrian
220,232,99.63,0,residential
220,418,34.54,0,residential
220,753,43.95,0,footway
220,795,11.05,0,footway
221,223,145.50,1,footway|steps
221,797,23.50,0,pedestrian
221,798,37.12,0,pedestrian
222,798,33.85,0,pedestrian
222,800,23.47,0,footway
222,1170,24.75,0,pedestrian
223,221,145.50,1,footway|steps
223,1136,57.50,0,footway
223,1575,17.91,1,footway|steps
223,1895,29.18,1,footway|steps
224,218,15.34,0,footway
224,1629,8.11,0,footway
224,1868,31.17,0,path
225,467,45.70,1,footway|steps
225,756,24.57,0,footway
225,1630,30.60,0,footway
226,467,2.92,0,footway
226,986,15.99,0,footway
226,1909,12.50,1,footway|steps
226,1940,10.75,0,footway
227,556,26.28,0,footway
227,1333,11.72,0,footway
227,1334,5.57,0,footway
227,1335,8.94,0,footway
228,103,24.07,0,residential
228,229,28.74,0,service
228,1337,3.20,0,residential
229,228,28.74,0,service
229,230,10.49,0,service
229,536,47.36,0,service
230,229,10.49,0,service
230,540,16.99,0,service
230,1333,42.31,0,footway
231,103,25.39,0,residential
231,232,13.54,0,residential
231,1918,28.11,0,service
232,220,99.63,0,residential
232,231,13.54,0,residential
232,540,49.66,0,service
233,234,23.87,0,service
233,235,50.85,0,service
233,1324,13.87,0,service
234,233,23.87,0,service
234,236,35.57,0,service
234,237,101.83,0,service
235,233,50.85,0,service
235,590,37.00,0,service
235,1076,22.16,0,service
236,208,84.02,0,service|track
236,234,35.57,0,service
236,590,24.04,0,service
237,234,101.83,0,service
237,1219,65.35,0,service
237,1549,29.65,0,service
238,242,24.34,0,footway
238,277,38.83,0,footway
238,285,46.95,1,footway|steps
238,1294,14.26,0,footway
239,240,23.62,0,service
239,241,45.09,0,service
239,1526,42.98,0,footway|service
239,1618,16.19,0,service
240,239,23.62,0,service
240,244,36.53,0,service
240,246,24.49,0,service
240,1026,50.32,0,footway|service
241,239,45.09,0,service
241,1023,15.91,0,footway
241,1639,15.31,0,footway
242,238,24.34,0,footway
242,1292,33.56,0,residential
242,1297,5.12,0,footway
242,1298,62.13,0,residential
243,994,27.96,0,service
243,1024,14.25,0,footway
243,1291,14.88,0,footway
244,240,36.53,0,service
244,1024,14.75,0,footway
244,1291,15.28,0,footway
245,246,28.80,0,service
245,1025,14.20,0,footway
245,1290,13.99,0,footway
246,240,24.49,0,service
246,245,28.80,0,service
246,1028,38.64,0,footway|service
247,250,57.82,0,living_street
247,766,42.17,0,footway
247,1320,19.54,0,living_street
247,1672,44.27,0,footway
248,249,44.58,0,service
248,1025,13.42,0,footway
248,1290,12.68,0,footway
249,248,44.58,0,service
249,289,68.61,0,residential
249,994,32.60,0,residential
250,247,57.82,0,living_street
250,251,8.85,1,footway|steps
250,253,6.68,1,footway|steps
250,1732,51.37,0,living_street
251,250,8.85,1,footway|steps
251,1648,14.22,0,footway
251,1730,47.31,0,footway
251,1731,42.25,0,footway
252,253,6.32,1,footway|steps
252,254,4.93,0,footway
252,257,24.01,0,footway
252,260,11.39,0,footway
253,250,6.68,1,footway|steps
253,252,6.32,1,footway|steps
253,254,28.07,0,footway
254,252,4.93,0,footway
254,253,28.07,0,footway
254,259,19.49,0,footway
255,256,25.78,0,living_street
255,1317,46.77,0,living_street
255,1913,9.77,0,service
256,255,25.78,0,living_street
256,1815,28.11,0,living_street
256,1954,37.91,1,path|steps
257,252,24.01,0,footway
257,260,12.78,0,footway
257,261,14.96,0,footway
257,767,4.41,0,footway
258,827,35.06,0,footway
258,1000,8.31,0,footway
258,1320,54.60,0,living_street
259,254,19.49,0,footway
259,260,12.86,0,footway
259,1258,1.52,0,footway
260,252,11.39,0,footway
260,257,12.78,0,footway
260,259,12.86,0,footway
260,262,14.95,1,footway|steps
261,257,14.96,0,footway
261,262,12.73,0,footway
261,1256,23.21,1,footway|steps
262,260,14.95,1,footway|steps
262,261,12.73,0,footway
262,1258,29.00,0,footway
263,265,50.19,1,footway|steps
263,995,7.28,0,footway
263,1002,12.06,0,footway
263,1208,10.42,1,footway|steps
264,997,62.30,0,footway|living_street
264,1316,22.59,0,service
264,1317,8.17,0,living_street
265,217,11.11,0,service
265,263,50.19,1,footway|steps
265,782,49.47,0,footway
265,1865,41.38,0,footway
266,267,32.98,0,footway
266,454,4.36,0,footway
266,1340,77.49,0,footway
267,266,32.98,0,footway
267,268,38.08,0,footway
267,464,72.85,0,footway|service
268,267,38.08,0,footway
268,273,64.53,0,footway|service
268,1342,22.35,0,footway
269,534,78.14,0,secondary
269,1214,51.68,0,secondary
269,1795,6.63,0,footway
270,1342,5.16,0,footway
270,1343,42.78,0,footway
270,1798,37.14,0,footway
271,272,10.75,0,footway
271,1346,10.39,0,footway
271,1348,20.11,0,footway
272,271,10.75,0,footway
272,1355,22.56,0,footway
272,1902,5.37,0,footway
273,29,48.84,0,living_street
273,268,64.53,0,footway|service
273,274,42.37,0,service
273,464,60.31,0,living_street
274,273,42.37,0,service
274,1347,14.66,0,footway
274,1874,47.89,0,footway
275,24,39.74,0,living_street
275,213,52.62,0,footway|path
275,465,31.92,0,living_street
275,1161,24.71,0,footway
276,50,40.99,0,track
276,1030,71.33,0,track
276,1926,42.99,0,track
277,238,38.83,0,footway
277,280,39.83,0,footway
277,1293,43.47,0,footway
277,1923,6.56,0,footway
278,1293,9.98,1,footway|steps
279,280,15.01,0,footway
279,281,27.31,0,footway
279,285,31.49,0,footway
280,277,39.83,0,footway
280,279,15.01,0,footway
280,1293,21.24,1,footway|steps
281,279,27.31,0,footway
281,993,36.54,0,path
281,1021,21.86,0,footway
281,1022,12.11,0,footway
282,283,21.41,0,footway
282,284,42.07,0,footway
282,1021,12.19,0,footway
282,1577,132.47,0,footway
283,282,21.41,0,footway
283,1022,11.76,0,footway
283,1866,19.89,0,footway
284,282,42.07,0,footway
284,288,70.55,0,footway
284,294,14.73,0,footway
285,238,46.95,1,footway|steps
285,279,31.49,0,footway
285,1292,11.87,0,footway
286,993,35.19,0,footway|service
286,1607,22.07,0,footway
286,1866,7.23,0,footway
287,290,28.13,0,footway
287,1605,8.56,0,footway
287,1606,13.56,0,footway
288,284,70.55,0,footway
288,791,2.73,0,footway
288,1284,28.73,0,footway
288,1605,12.32,0,footway
289,249,68.61,0,residential
289,290,33.68,0,footway
289,476,81.74,0,living_street
289,1732,40.00,0,living_street
289,1815,9.57,0,residential
290,287,28.13,0,footway
290,289,33.68,0,footway
290,1283,35.49,0,footway
290,1649,88.63,1,footway|steps
291,475,27.92,0,living_street
291,1285,18.00,0,living_street
291,1577,145.99,0,living_street
292,295,9.74,0,footway
292,475,144.95,0,living_street
292,990,58.60,0,footway
292,992,27.10,0,pedestrian
293,294,17.52,1,steps
293,295,19.65,0,footway
293,1840,20.59,0,footway
294,284,14.73,0,footway
294,293,17.52,1,steps
294,295,73.86,1,footway|steps
295,292,9.74,0,footway
295,293,19.65,0,footway
295,294,73.86,1,footway|steps
296,297,15.68,0,residential
296,1283,4.09,0,residential
296,1815,49.14,0,residential
297,296,15.68,0,residential
297,298,18.73,0,residential
297,1186,20.02,0,service
298,297,18.73,0,residential
298,299,20.97,0,pedestrian
298,1284,11.33,0,residential
299,298,20.97,0,pedestrian
299,1286,23.77,0,pedestrian
299,1288,21.39,0,footway
300,602,27.11,0,living_street
300,607,43.19,0,footway
300,1243,45.24,0,path
300,1766,22.62,0,track
300,1768,16.12,0,living_street
301,605,20.89,0,living_street
301,607,36.19,0,footway
301,611,5.11,0,living_street
302,602,48.60,0,living_street
302,622,61.49,0,living_street
302,831,35.03,0,path
303,151,48.08,0,service
303,152,10.13,0,service
303,634,37.95,1,footway|service|steps
304,305,170.42,0,track
304,336,97.33,0,path
304,541,29.46,0,track
305,304,170.42,0,track
305,335,76.65,0,path
305,1260,115.06,0,track
306,333,107.35,0,path
306,468,90.88,0,path
306,1070,84.01,0,path
307,308,74.69,0,track
307,1654,63.26,0,track
307,1831,57.34,0,track
308,307,74.69,0,track
308,1829,143.95,0,track
308,1830,20.74,0,track
309,63,28.62,0,service
309,311,24.96,0,service
309,1586,12.00,0,service
310,412,44.64,0,service
310,712,16.76,0,living_street
310,1586,10.92,0,service
311,62,25.81,0,service
311,63,32.51,0,service
311,309,24.96,0,service
312,1061,32.17,0,path
312,1062,67.22,0,path
312,1442,118.65,0,path|track
313,1243,49.01,0,path
314,558,65.43,0,pedestrian
314,937,18.09,0,pedestrian
314,1327,31.74,0,footway
315,1742,35.94,0,track
315,1925,27.17,0,path
315,1926,27.34,0,track
316,466,74.62,0,footway
316,1868,120.65,0,path
316,1924,17.83,0,footway
317,127,53.75,0,path
317,416,79.44,0,path
317,1925,117.90,0,path
318,127,139.82,0,path
318,1164,39.55,0,path
318,1790,14.32,0,path
319,205,19.30,1,steps
319,320,3.22,0,footway
319,321,41.50,1,footway|service|steps
320,319,3.22,0,footway
320,322,95.28,1,footway|steps
320,1916,52.44,0,path
321,102,33.12,0,service
321,319,41.50,1,footway|service|steps
321,1326,36.63,0,service
322,320,95.28,1,footway|steps
322,323,25.59,0,footway
322,1134,20.08,0,footway
323,22,14.52,0,footway
323,322,25.59,0,footway
323,1134,11.54,0,footway
324,550,97.98,1,footway|steps
324,1885,4.55,0,footway
324,1929,13.58,1,footway|steps
325,327,36.73,0,footway
325,1280,45.82,0,service
325,1427,191.13,1,footway|service|steps
326,327,62.90,0,footway
326,1248,71.15,0,footway
326,1658,50.64,0,footway
326,1663,17.78,0,footway
327,325,36.73,0,footway
327,326,62.90,0,footway
327,1281,68.75,0,footway
328,15,17.70,0,secondary
328,547,83.26,0,footway
328,549,11.70,0,footway
328,1826,176.47,0,secondary
329,1522,13.13,0,footway
329,1523,16.57,0,service
329,1883,14.00,0,service
330,23,40.09,0,unclassified
330,514,11.67,0,service
330,1323,89.41,0,secondary|unclassified
331,100,75.62,0,living_street
331,553,34.40,0,living_street
331,1037,98.51,0,living_street
332,1213,26.30,0,service
332,1382,9.00,0,service
333,306,107.35,0,path
333,334,64.32,0,path
333,1070,52.65,0,path
334,208,231.64,0,path
334,333,64.32,0,path
334,449,210.24,0,path
335,305,76.65,0,path
335,336,36.02,0,path
335,339,28.94,0,path
336,304,97.33,0,path
336,335,36.02,0,path
336,337,13.64,0,path
336,1187,53.84,0,path
337,336,13.64,0,path
337,338,39.99,0,path
337,340,54.67,0,path
337,1187,51.11,0,path
338,337,39.99,0,path
339,335,28.94,0,path
340,337,54.67,0,path
341,522,83.91,0,path
341,1087,50.50,0,path
341,1444,58.29,0,path
342,1087,138.26,0,path
342,1362,35.39,0,path
342,1737,665.99,0,path
343,350,29.33,1,footway|steps
343,482,27.95,0,living_street
343,483,6.65,0,living_street
343,1769,28.76,1,footway|steps
344,487,22.70,0,footway
344,1779,45.33,0,footway
345,347,24.62,0,living_street
345,483,27.86,0,living_street
345,1769,21.66,0,footway
346,350,5.12,0,footway
346,482,52.94,0,footway
346,912,12.14,0,footway
347,345,24.62,0,living_street
347,484,15.29,0,footway
347,1771,5.56,0,living_street
348,579,15.99,0,service
348,1254,31.96,0,service
348,1953,32.85,0,living_street|service
349,484,7.88,0,footway
349,769,9.51,0,footway
349,770,8.15,0,footway
350,343,29.33,1,footway|steps
350,346,5.12,0,footway
350,508,54.23,0,footway
351,900,96.91,0,footway
351,1043,73.63,0,footway
351,1065,5.88,0,footway
351,1596,10.57,0,footway
352,412,34.73,0,service
352,898,12.26,0,footway
352,899,8.55,0,footway
352,1508,5.60,0,service
353,566,12.50,0,footway
353,906,20.39,0,footway
353,1591,5.14,0,footway
354,1043,25.16,0,footway
354,1590,6.74,0,footway
354,1597,5.89,0,footway|path
355,74,10.60,0,footway
355,1660,6.68,0,footway
355,1733,10.38,0,footway
356,357,90.07,0,service
356,367,64.18,0,footway
356,858,19.67,0,service
357,356,90.07,0,service
357,460,23.35,0,service
357,462,15.23,0,service
358,361,15.59,0,footway
358,366,28.61,0,path
358,825,87.45,0,footway|service
359,1075,15.20,0,service
359,1377,30.61,0,service
359,1929,103.10,0,service
360,201,23.56,0,service
360,362,100.05,0,service
360,1399,31.54,0,service
361,165,28.18,0,footway
361,358,15.59,0,footway
361,366,16.08,0,path
362,360,100.05,0,service
362,491,60.83,0,footway
362,949,63.07,0,service
363,407,56.82,0,service
363,852,2.91,0,footway
363,854,56.59,0,footway
363,1377,14.21,0,service
364,366,59.48,0,path
364,423,122.95,0,path
364,1140,54.73,0,path
365,862,2.37,0,footway
365,1189,58.42,0,service
365,1428,9.33,0,service
365,1726,79.28,1,footway|steps
366,187,3.01,0,path
366,358,28.61,0,path
366,361,16.08,0,path
366,364,59.48,0,path
367,356,64.18,0,footway
367,847,59.86,0,footway
367,1448,10.18,0,path
367,1473,25.65,0,path
367,1532,158.05,0,footway
368,385,11.68,0,footway
368,387,14.46,0,footway
368,733,17.37,0,footway
369,385,21.43,0,footway
369,743,2.25,0,footway
369,1141,42.38,0,footway|path
370,381,20.44,0,footway
370,388,7.73,0,footway
370,1496,20.20,1,footway|steps
371,383,18.72,0,footway
371,394,16.10,1,footway|steps
371,1497,15.59,1,footway|steps
372,376,13.69,0,footway
372,379,9.43,0,footway
372,715,22.33,0,footway
373,739,57.41,0,footway
373,742,17.28,0,footway
373,1572,2.69,0,footway
374,642,6.36,0,footway
374,739,9.12,0,footway
374,741,22.86,0,footway
375,376,6.03,1,footway|steps
376,372,13.69,0,footway
376,375,6.03,1,footway|steps
376,694,11.51,1,footway|steps
377,1497,6.52,0,footway
378,379,5.57,0,footway
379,372,9.43,0,footway
379,378,5.57,0,footway
379,1194,17.50,0,footway
380,383,5.84,1,footway|steps
381,370,20.44,0,footway
381,382,3.89,0,footway
381,1141,16.67,0,footway
382,381,3.89,0,footway
383,371,18.72,0,footway
383,380,5.84,1,footway|steps
383,694,13.37,1,footway|steps
384,387,7.18,1,footway|steps
385,368,11.68,0,footway
385,369,21.43,0,footway
385,386,7.47,1,footway|steps
386,385,7.47,1,footway|steps
387,368,14.46,0,footway
387,384,7.18,1,footway|steps
387,1141,10.76,1,footway|steps
388,370,7.73,0,footway
388,721,5.78,0,footway
388,743,21.51,0,footway
389,726,5.42,0,footway
389,772,7.54,0,footway
389,1505,38.10,1,footway|steps
389,1686,1.79,0,footway
390,531,16.39,0,living_street
390,1249,31.16,0,living_street
390,1570,8.44,0,living_street
391,642,2.48,0,footway
391,902,1.07,0,footway
391,1460,27.77,0,living_street|service
391,1507,32.57,0,living_street
392,726,25.37,1,footway|steps
392,1505,7.14,0,footway
392,1843,28.51,1,footway|steps
393,1503,34.77,0,footway
393,1505,20.20,0,footway
393,1509,28.85,0,footway
393,1554,16.79,1,footway|steps
394,371,16.10,1,footway|steps
394,892,15.65,0,footway
394,1656,9.09,0,footway
395,396,25.00,0,service
395,1439,4.10,0,service
395,1788,8.22,0,service
396,395,25.00,0,service
396,398,7.25,0,service
396,592,6.11,0,service
397,398,47.95,0,service
397,433,11.69,0,service
397,1438,17.22,0,service
398,396,7.25,0,service
398,397,47.95,0,service
398,592,7.56,0,footway
398,1437,10.00,0,footway
399,400,48.61,0,path
400,399,48.61,0,path
400,1139,100.71,0,path
400,1140,107.83,0,path
401,156,41.60,1,footway|steps
401,175,134.73,0,footway
401,187,129.75,0,footway
402,471,56.89,0,service|track
402,496,5.92,0,residential
402,1222,59.25,0,residential
403,742,43.73,1,footway|steps
403,1498,13.93,0,footway
403,1841,39.64,0,footway
404,1217,11.42,0,service
405,611,18.80,0,living_street
405,620,5.46,0,footway
405,1249,5.50,0,living_street
406,1249,20.97,1,footway|steps
406,1824,5.72,0,footway
406,1825,3.96,0,footway
407,6,27.00,0,service
407,363,56.82,0,service
407,854,29.50,0,service
408,196,31.40,0,service
408,1490,21.58,1,footway|steps
408,1873,121.33,0,service
409,415,34.36,0,path
409,417,33.65,0,path
409,420,46.41,0,path
409,1309,46.28,0,path
409,1361,31.81,0,path
410,554,112.80,0,path
410,1164,66.86,0,path
410,1309,41.41,0,path
411,413,130.97,0,path
411,415,31.47,0,path
411,1036,176.21,0,path
411,1361,34.85,0,path
412,310,44.64,0,service
412,352,34.73,0,service
412,877,8.28,0,service
413,411,130.97,0,path
413,415,119.68,0,path
413,419,23.02,0,path
413,1917,108.33,0,path
414,169,37.34,0,footway
414,1368,43.99,0,service
414,1481,32.11,0,service
414,1947,22.90,0,path
415,409,34.36,0,path
415,411,31.47,0,path
415,413,119.68,0,path
415,416,30.76,0,path
416,317,79.44,0,path
416,415,30.76,0,path
416,419,126.24,0,path
416,420,25.65,0,path
417,409,33.65,0,path
417,1308,26.88,0,path
417,1361,27.43,0,path
418,204,82.16,0,residential
418,220,34.54,0,residential
418,1911,81.30,0,service
419,50,58.52,0,path
419,413,23.02,0,path
419,416,126.24,0,path
420,409,46.41,0,path
420,416,25.65,0,path
420,1790,61.36,0,path
421,173,12.68,0,service
421,202,11.53,0,living_street
421,593,18.77,0,footway
421,1175,28.14,0,footway|service
422,1241,14.97,0,footway
422,1282,13.83,0,service
422,1523,8.37,0,service
423,364,122.95,0,path
423,565,73.00,0,service
423,1525,88.00,0,service
424,1531,14.91,0,service
424,1532,16.17,0,service
424,1724,100.77,0,service
424,1883,46.53,0,service
425,1537,19.59,1,steps
425,1751,47.52,0,footway
425,1936,13.02,1,steps
426,1949,10.10,0,footway
427,428,38.42,0,footway
427,1886,44.72,0,path
427,1935,65.34,0,footway
427,1946,37.85,0,path
428,198,46.05,0,footway
428,427,38.42,0,footway
428,1947,38.24,0,footway
429,525,28.14,0,footway
429,1462,19.54,0,footway
429,1469,30.12,0,footway
429,1735,20.03,0,footway
430,1251,12.83,0,footway
430,1462,6.72,0,footway
430,1463,13.94,0,footway
430,1635,11.78,0,footway
431,443,48.27,0,service
431,595,19.59,0,footway
431,1176,33.61,0,service
431,1191,65.10,0,footway
432,435,22.09,0,service
432,444,62.26,0,service
432,1550,3.13,0,service
433,397,11.69,0,service
433,436,18.53,0,service
433,1169,13.97,0,service
434,439,25.72,0,service
434,524,18.31,0,service
435,432,22.09,0,service
435,436,6.36,0,service
435,1788,114.77,0,service
436,433,18.53,0,service
436,435,6.36,0,service
436,1169,27.35,0,service
437,439,20.73,0,service
438,441,38.75,0,service
438,524,4.03,0,service
439,434,25.72,0,service
439,437,20.73,0,service
439,472,94.93,1,path|steps
440,445,8.21,0,service
441,438,38.75,0,service
441,445,47.18,0,service
441,1176,29.52,0,service
442,443,6.47,0,service
442,444,19.57,0,service
442,1191,34.37,0,service
443,431,48.27,0,service
443,442,6.47,0,service
443,1550,54.44,0,service
444,432,62.26,0,service
444,442,19.57,0,service
444,594,21.31,0,service
445,440,8.21,0,service
445,441,47.18,0,service
445,1190,8.63,0,service
446,159,43.65,0,footway
447,10,24.25,0,service
447,200,102.83,0,service
447,1540,30.26,0,path
448,155,74.92,0,service
448,905,31.79,0,service
448,1599,69.09,0,service
449,334,210.24,0,path
450,1220,39.01,0,service
451,83,61.70,0,track
452,1132,12.79,0,footway
452,1252,2.29,0,footway
452,1461,23.63,0,path
453,534,23.27,0,footway
453,1055,98.96,0,track
453,1804,25.06,0,footway
454,266,4.36,0,footway
454,1803,69.95,0,path
454,1804,59.63,0,footway
455,456,60.95,0,service
456,455,60.95,0,service
456,1345,17.35,0,service
457,543,9.14,0,footway
457,1370,9.88,0,footway
457,1466,57.39,0,footway
457,1637,38.83,1,footway|steps
458,4,10.58,0,residential
458,544,56.55,0,residential
458,1466,7.59,0,footway
458,1467,19.59,0,footway
459,5,31.85,0,service
459,520,21.74,0,service
459,1149,8.36,0,service
459,1468,6.69,0,service
460,357,23.35,0,service
460,1252,124.73,0,path|service
460,1253,12.80,0,service
461,526,19.38,1,steps
461,527,36.16,0,footway
461,548,28.36,0,service
461,1149,40.01,0,service
462,357,15.23,0,service
462,463,18.58,0,service
462,1726,22.96,1,steps
462,1943,4.27,0,service
463,462,18.58,0,service
464,25,7.76,0,living_street
464,267,72.85,0,footway|service
464,273,60.31,0,living_street
465,0,26.27,0,living_street
465,275,31.92,0,living_street
465,1354,57.82,0,footway|service
466,316,74.62,0,footway
466,1623,73.57,0,footway
466,1630,5.08,0,footway
467,225,45.70,1,footway|steps
467,226,2.92,0,footway
467,1623,11.23,0,footway
468,106,124.21,0,path
468,306,90.88,0,path
468,1916,477.32,0,path
469,83,24.81,0,path
470,471,112.85,0,path
470,472,29.98,0,path
470,1032,20.02,0,path
471,402,56.89,0,service|track
471,470,112.85,0,path
472,439,94.93,1,path|steps
472,470,29.98,0,path
472,474,63.06,0,path
472,1032,20.77,0,path
473,208,115.74,0,path
473,1140,534.76,0,path
474,202,24.12,0,living_street
474,472,63.06,0,path
474,481,18.49,0,living_street
475,291,27.92,0,living_street
475,292,144.95,0,living_street
475,1807,66.59,0,living_street|path
476,289,81.74,0,living_street
477,478,13.10,0,service
477,929,31.27,0,footway
477,1527,24.14,0,service
478,7,59.59,0,service
478,477,13.10,0,service
478,1527,27.15,0,service
479,516,23.90,0,service
479,518,18.89,0,service
479,519,85.12,0,service
479,598,24.45,0,footway
479,1081,4.82,0,footway
480,510,30.37,0,service
480,1079,23.07,0,footway
480,1107,15.04,0,service
481,474,18.49,0,living_street
481,564,16.04,0,living_street
481,1562,19.75,0,pedestrian
482,128,55.21,0,footway
482,343,27.95,0,living_street
482,346,52.94,0,footway
482,891,7.63,0,footway
482,1240,38.42,0,living_street
483,343,6.65,0,living_street
483,345,27.86,0,living_street
483,747,37.26,0,footway|service
484,347,15.29,0,footway
484,349,7.88,0,footway
484,969,34.47,0,footway
485,1236,5.31,0,footway
486,174,18.14,0,footway
486,1218,45.13,0,living_street
486,1771,35.68,0,living_street
487,344,22.70,0,footway
487,1873,55.70,0,footway
488,535,125.16,0,secondary
488,1303,54.48,0,secondary
489,1936,12.15,1,steps
489,1937,6.13,0,footway
489,1949,28.14,0,footway
490,935,17.29,0,service
490,950,9.68,0,service
490,1757,6.53,1,steps
491,362,60.83,0,footway
491,1406,15.32,0,footway
491,1420,7.10,0,footway
492,61,147.74,0,living_street
492,1040,103.12,1,footway|steps
492,1273,29.80,0,living_street
492,1587,107.95,0,footway|path
493,1131,25.81,0,footway
493,1406,7.25,0,footway
493,1454,4.98,0,footway
494,499,28.94,0,service
494,983,84.28,0,service
494,1494,36.19,1,footway|steps
495,497,28.15,0,pedestrian
495,981,26.34,0,footway
495,1266,14.18,0,pedestrian
496,17,54.64,0,residential
496,402,5.92,0,residential
496,1747,24.56,0,footway
496,1749,4.88,0,footway
497,495,28.15,0,pedestrian
497,971,39.16,0,footway
497,1747,106.68,0,footway
497,1764,44.27,0,service
498,1227,7.69,0,service
499,494,28.94,0,service
499,500,34.32,0,service
500,499,34.32,0,service
500,1009,63.17,0,footway
500,1227,32.20,0,service
501,978,40.69,1,footway|steps
502,174,31.36,0,footway
502,181,22.09,0,footway
502,1122,18.25,0,footway
503,130,127.51,0,service
503,510,35.18,0,service
503,1493,7.08,0,service
504,507,59.62,0,service
504,1103,7.85,0,footway
504,1120,7.21,0,footway
504,1493,20.67,0,service
505,506,55.81,0,service
505,507,16.57,0,service
505,1113,22.73,0,service
506,505,55.81,0,service
506,1113,12.95,0,service
506,1492,10.88,0,service
507,504,59.62,0,service
507,505,16.57,0,service
507,1493,82.72,0,service
508,350,54.23,0,footway
508,509,65.18,1,footway|steps
508,912,89.24,1,footway|steps
509,508,65.18,1,footway|steps
509,969,22.31,0,footway
509,1079,8.50,0,footway
510,480,30.37,0,service
510,503,35.18,0,service
510,1107,24.76,0,service
511,1487,18.28,0,footway
512,22,192.00,0,secondary
512,77,69.66,0,secondary
512,1135,13.06,0,service
513,514,35.10,0,service
514,330,11.67,0,service
514,513,35.10,0,service
514,1887,39.51,0,footway|service
515,517,6.97,0,track
515,1086,2.68,0,track
515,1706,91.38,0,track
516,7,29.82,0,service
516,479,23.90,0,service
516,1467,124.15,0,service
517,515,6.97,0,track
518,34,71.21,0,service
518,479,18.89,0,service
518,598,28.52,0,service
519,479,85.12,0,service
519,1204,19.60,0,service
519,1468,31.30,0,service
520,4,18.73,0,service
520,459,21.74,0,service
520,1467,8.28,0,service
521,34,27.30,0,service
522,341,83.91,0,path
522,1253,4.67,0,footway
522,1706,18.45,0,footway
522,1942,51.14,0,footway
523,848,2.98,0,footway
524,434,18.31,0,service
524,438,4.03,0,service
524,1176,68.68,0,footway
525,5,4.25,0,footway
525,429,28.14,0,footway
525,1204,11.20,1,footway|steps
525,1468,31.96,0,footway
526,461,19.38,1,steps
526,546,27.08,0,footway
526,547,18.92,1,footway|steps
527,461,36.16,0,footway
527,528,10.77,0,footway
527,1374,42.04,0,footway
528,527,10.77,0,footway
528,529,14.58,1,footway|steps
528,1373,11.62,0,footway
528,1632,6.46,1,steps
529,528,14.58,1,footway|steps
529,1373,12.92,0,footway
529,1633,3.38,0,footway
530,702,15.29,0,footway
530,845,43.72,0,footway
530,1048,41.17,0,footway
531,390,16.39,0,living_street
531,888,12.22,0,footway
531,1507,10.98,0,living_street
532,896,16.56,0,footway
533,943,31.46,0,service
533,1435,17.85,0,service
533,1436,23.69,0,footway
533,1780,2.78,0,footway
534,269,78.14,0,secondary
534,453,23.27,0,footway
534,535,6.32,0,secondary
534,1670,7.23,0,footway
535,30,118.51,0,service
535,488,125.16,0,secondary
535,534,6.32,0,secondary
536,229,47.36,0,service
536,792,30.67,0,footway
536,1338,32.06,0,service
537,756,11.44,0,footway
537,792,15.84,0,footway
537,985,18.92,0,footway
538,539,4.22,0,service
538,545,88.76,0,footway
538,1339,82.34,0,service
539,101,21.84,0,residential
539,538,4.22,0,service
539,1337,10.73,0,residential
540,103,20.95,0,service
540,230,16.99,0,service
540,232,49.66,0,service
541,33,58.67,0,track
541,304,29.46,0,track
541,1259,389.33,0,footway
542,796,31.48,1,footway|steps
542,1304,50.19,0,footway
542,1573,13.79,0,footway
543,457,9.14,0,footway
543,544,62.38,0,footway
543,1370,12.21,0,footway
544,7,76.92,0,residential
544,458,56.55,0,residential
544,543,62.38,0,footway
545,538,88.76,0,footway
546,526,27.08,0,footway
546,547,28.44,0,footway
546,1811,12.13,0,footway
546,1838,6.84,0,footway
547,328,83.26,0,footway
547,526,18.92,1,footway|steps
547,546,28.44,0,footway
548,461,28.36,0,service
549,328,11.70,0,footway
549,1916,207.37,0,path
549,1918,62.09,1,steps
550,22,11.83,0,footway
550,324,97.98,1,footway|steps
550,1828,73.18,0,footway
551,13,32.00,0,service
551,840,72.06,0,service
551,1752,71.47,0,footway
551,1885,45.25,1,footway|steps
552,105,219.46,0,residential
552,555,33.49,0,service
552,937,12.44,0,residential
553,331,34.40,0,living_street
553,1037,8.83,0,living_street
554,99,46.80,0,service
554,104,56.85,0,service
554,410,112.80,0,path
555,552,33.49,0,service
556,227,26.28,0,footway
556,754,19.03,0,pedestrian
556,1333,29.34,1,footway|steps
557,711,32.36,0,footway
557,886,13.56,1,steps
557,887,20.64,0,footway
558,314,65.43,0,pedestrian
558,886,25.32,0,pedestrian
558,1170,104.98,0,footway
559,66,8.18,0,path
559,1039,188.97,0,path
559,1062,77.08,0,path
559,1855,82.22,0,path
560,53,121.00,0,path
560,1062,27.32,0,path
560,1777,79.02,0,path
561,119,22.28,0,service
561,177,12.58,0,footway
561,190,24.04,0,footway
561,943,13.16,0,service
562,563,7.43,0,service
563,562,7.43,0,service
563,1434,19.31,0,service
563,1436,13.46,0,service
564,202,23.83,0,living_street
564,481,16.04,0,living_street
564,1486,8.90,0,service
565,155,9.79,0,service
565,423,73.00,0,service
565,1599,12.21,0,service
566,353,12.50,0,footway
566,568,14.56,0,footway
566,1051,73.41,0,footway
566,1628,4.57,0,footway
567,1172,5.45,0,service
568,566,14.56,0,footway
568,569,7.92,0,footway
568,1552,4.58,0,footway
569,110,6.41,0,footway
569,568,7.92,0,footway
569,571,16.45,0,footway
570,1625,30.23,0,footway
571,569,16.45,0,footway
571,1552,15.08,0,footway
571,1697,44.34,0,footway|pedestrian
572,159,61.96,0,footway
572,1546,9.70,0,footway
572,1547,13.31,1,steps
573,167,43.04,0,footway
574,182,37.42,0,footway
574,186,30.91,0,footway
574,1018,32.24,0,footway
574,1951,175.49,1,footway|path|steps
575,137,31.75,0,footway
575,147,6.82,0,footway
575,668,7.15,0,footway
576,132,15.70,0,service
576,577,26.27,0,service
576,674,15.68,1,footway|steps
577,139,14.68,0,service
577,145,19.96,0,service
577,576,26.27,0,service
578,1026,3.32,0,footway
578,1028,17.01,0,footway
578,1672,17.54,0,footway
579,348,15.99,0,service
580,882,83.60,0,footway
580,897,22.99,0,footway
580,1554,40.23,0,footway
581,588,4.25,0,footway
581,744,8.40,0,footway
581,895,16.54,0,footway
582,925,36.52,0,footway
582,1553,17.88,0,footway
582,1695,19.45,0,footway
583,133,14.15,0,service
583,586,29.26,0,service
583,908,4.45,0,service
584,908,19.64,0,service
585,734,8.24,0,footway
585,1692,20.19,0,footway
585,1695,21.94,0,footway
586,583,29.26,0,service
586,882,5.53,0,service
586,910,21.54,0,service
587,882,9.13,0,service
587,926,25.94,0,service
587,1553,25.82,0,footway|service
588,581,4.25,0,footway
588,731,18.32,0,footway
588,1692,12.83,0,footway
589,1325,10.91,0,service
589,1449,17.12,0,service
590,235,37.00,0,service
590,236,24.04,0,service
590,1076,87.42,0,service
591,73,103.95,0,service
591,203,11.20,0,service
591,801,17.22,0,service
592,396,6.11,0,service
592,398,7.56,0,footway
592,1438,26.20,0,service
592,1783,4.79,0,footway
593,421,18.77,0,footway
593,1178,16.32,0,footway
593,1179,34.98,0,footway
594,444,21.31,0,service
595,431,19.59,0,footway
595,1178,32.66,0,footway
595,1179,51.78,0,path
596,1186,16.08,0,service
597,1316,7.16,0,service
598,479,24.45,0,footway
598,518,28.52,0,service
598,1204,68.47,0,service
598,1734,7.73,0,footway
599,1082,9.68,0,service
600,33,30.97,0,service
600,1082,10.91,0,service
600,1704,11.28,0,footway
600,1738,73.66,0,footway
601,650,21.54,0,footway
601,662,10.33,0,footway
601,1060,29.49,1,footway|steps
602,300,27.11,0,living_street
602,302,48.60,0,living_street
602,1244,76.68,0,path
603,604,8.49,0,footway
603,873,11.54,0,footway
603,1511,38.63,0,footway
603,1767,49.36,0,footway|path
604,603,8.49,0,footway
604,605,9.83,1,footway|steps
604,606,2.50,0,footway
604,915,1.70,0,footway
605,301,20.89,0,living_street
605,604,9.83,1,footway|steps
605,1768,16.82,0,living_street
606,604,2.50,0,footway
607,300,43.19,0,footway
607,301,36.19,0,footway
607,637,50.81,0,footway
608,609,4.70,0,footway
608,873,14.09,0,footway
608,1823,4.99,0,footway
609,608,4.70,0,footway
609,610,4.15,0,footway
609,613,3.41,0,footway
610,609,4.15,0,footway
610,611,11.02,1,footway|steps
610,612,2.64,0,footway
611,301,5.11,0,living_street
611,405,18.80,0,living_street
611,610,11.02,1,footway|steps
612,610,2.64,0,footway
613,609,3.41,0,footway
614,620,29.51,1,footway|steps
615,624,12.23,0,footway
616,1511,1.07,0,footway
616,1822,5.82,0,footway
616,1823,6.60,0,footway
617,618,2.05,0,footway
618,617,2.05,0,footway
618,1821,4.57,0,footway
618,1822,4.22,0,footway
619,621,3.75,0,footway
620,405,5.46,0,footway
620,614,29.51,1,footway|steps
620,621,8.86,1,footway|steps
621,619,3.75,0,footway
621,620,8.86,1,footway|steps
621,629,14.94,0,footway
622,302,61.49,0,living_street
622,624,10.23,1,footway|steps
622,625,3.22,0,footway
622,1959,79.88,0,path
623,1512,2.45,0,footway
624,615,12.23,0,footway
624,622,10.23,1,footway|steps
624,626,8.46,0,footway
625,622,3.22,0,footway
626,624,8.46,0,footway
626,627,6.00,1,footway|steps
626,628,2.97,0,footway
627,626,6.00,1,footway|steps
628,626,2.97,0,footway
629,621,14.94,0,footway
629,630,7.92,0,footway
629,638,15.52,1,footway|steps
630,629,7.92,0,footway
631,633,5.56,1,footway|steps
632,633,6.59,0,footway
633,631,5.56,1,footway|steps
633,632,6.59,0,footway
633,637,7.65,0,footway
634,303,37.95,1,footway|service|steps
635,888,5.54,0,footway
636,637,2.77,0,footway
637,607,50.81,0,footway
637,633,7.65,0,footway
637,636,2.77,0,footway
637,643,20.75,0,footway
638,629,15.52,1,footway|steps
639,902,9.98,0,footway
640,641,6.80,1,steps
641,640,6.80,1,steps
641,888,0.94,0,footway
641,1584,2.83,0,footway
642,374,6.36,0,footway
642,391,2.48,0,footway
642,738,12.31,0,footway
643,152,15.95,0,living_street|service
643,637,20.75,0,footway
643,1570,33.91,0,living_street
643,1619,39.24,0,footway
644,151,14.62,1,footway|steps
645,920,11.26,1,footway|steps
646,652,6.92,1,steps
647,650,6.46,1,steps
648,649,2.10,0,footway
649,648,2.10,0,footway
649,655,14.52,0,footway
649,1682,8.19,1,footway|steps
650,601,21.54,0,footway
650,647,6.46,1,steps
650,653,30.35,0,footway
651,652,5.23,0,footway
651,653,4.76,0,footway
651,1619,25.30,0,footway
652,646,6.92,1,steps
652,651,5.23,0,footway
652,867,19.43,0,footway
653,650,30.35,0,footway
653,651,4.76,0,footway
653,1060,16.92,0,footway
654,920,35.47,0,footway
655,151,9.87,0,service
655,649,14.52,0,footway
655,1682,5.98,0,service
655,1683,3.97,0,footway
656,659,6.67,0,footway
656,865,8.38,0,footway
656,890,5.02,0,footway
657,151,28.28,0,footway
657,658,6.97,0,footway
657,661,8.86,0,footway
657,830,9.31,1,footway|steps
658,657,6.97,0,footway
658,659,20.68,0,footway
658,920,29.58,0,footway
659,148,5.62,0,footway
659,656,6.67,0,footway
659,658,20.68,0,footway
660,661,5.22,0,footway
661,657,8.86,0,footway
661,660,5.22,0,footway
661,667,18.59,0,footway
662,601,10.33,0,footway
663,665,23.76,0,footway
663,680,32.69,0,service
663,1682,32.35,0,service
664,148,26.82,0,footway
664,669,7.33,0,footway
664,869,5.12,0,footway
665,663,23.76,0,footway
665,667,12.30,0,footway
665,670,3.22,0,footway
666,153,11.92,1,footway|steps
666,668,13.68,0,footway
666,671,9.91,0,footway
667,661,18.59,0,footway
667,665,12.30,0,footway
667,672,31.47,0,footway
668,575,7.15,0,footway
668,666,13.68,0,footway
668,671,8.34,0,footway
669,147,34.30,0,footway
669,664,7.33,0,footway
669,673,5.94,0,footway
670,665,3.22,0,footway
671,666,9.91,0,footway
671,668,8.34,0,footway
671,677,25.60,0,footway
672,148,23.35,0,footway
672,667,31.47,0,footway
672,673,24.99,0,footway
673,669,5.94,0,footway
673,672,24.99,0,footway
673,674,9.49,1,footway|steps
674,576,15.68,1,footway|steps
674,673,9.49,1,footway|steps
674,681,19.60,0,footway
675,681,15.99,0,footway
676,680,19.29,0,footway
677,137,16.89,0,service
677,140,11.41,0,service
677,671,25.60,0,footway
678,682,23.41,0,footway
679,684,30.32,1,footway|steps
680,663,32.69,0,service
680,676,19.29,0,footway
680,683,20.36,0,footway
680,1558,36.66,0,service
681,674,19.60,0,footway
681,675,15.99,0,footway
681,682,15.94,0,footway
682,678,23.41,0,footway
682,681,15.94,0,footway
682,684,4.30,0,footway
683,680,20.36,0,footway
683,685,1.92,0,footway
683,687,5.21,0,footway
684,679,30.32,1,footway|steps
684,682,4.30,0,footway
684,691,16.26,0,footway
685,683,1.92,0,footway
686,150,10.91,0,footway
687,683,5.21,0,footway
687,1558,21.74,0,footway
687,1793,2.68,0,footway
688,149,14.87,0,footway
689,1791,1.59,0,footway
690,1791,6.15,0,footway
691,139,27.46,0,service
691,149,36.00,0,service
691,684,16.26,0,footway
692,135,9.90,0,service
692,139,28.57,0,service
692,1556,172.55,0,footway|service
693,1043,10.60,0,service
693,1597,17.13,0,path
694,376,11.51,1,footway|steps
694,383,13.37,1,footway|steps
694,1496,25.44,0,footway
695,153,28.76,0,service
696,137,31.80,0,footway
697,1086,17.06,1,steps|track
698,1084,30.44,0,track
699,1083,11.94,0,footway
700,1836,2.52,0,footway
701,1837,2.72,0,footway
702,530,15.29,0,footway
702,703,26.99,0,footway
702,1373,66.54,0,footway
703,702,26.99,0,footway
703,851,11.99,0,footway
703,1250,38.37,0,service
703,1376,28.24,0,service
704,854,63.88,0,service
705,158,9.11,0,footway
706,1624,2.97,0,footway
707,1625,2.05,0,footway
708,1662,6.15,0,footway
709,1248,11.87,1,footway|steps
710,1664,2.65,0,footway
711,557,32.36,0,footway
712,310,16.76,0,living_street
712,715,15.56,0,living_street
712,1501,5.37,0,footway
713,1501,14.00,0,footway
714,715,37.38,0,living_street
714,776,7.18,0,footway
714,1667,10.42,0,living_street
715,372,22.33,0,footway
715,712,15.56,0,living_street
715,714,37.38,0,living_street
715,737,36.78,0,footway
716,125,6.62,0,service
716,718,27.59,0,service
716,1314,10.63,0,footway
717,719,6.80,0,footway
717,1591,62.35,0,living_street
717,1667,16.58,0,living_street
718,716,27.59,0,service
719,717,6.80,0,footway
719,720,30.53,1,footway|steps
719,737,14.47,0,footway
720,719,30.53,1,footway|steps
720,737,21.18,1,footway|steps
720,1844,2.99,0,footway
721,388,5.78,0,footway
722,892,9.15,0,footway
722,1499,5.35,0,footway
722,1657,15.40,0,footway
723,742,7.69,1,footway|steps
724,725,20.48,0,footway
724,727,15.58,0,footway
724,1499,13.13,0,footway
725,724,20.48,0,footway
725,728,15.31,1,footway|steps
725,1684,3.20,0,footway
726,389,5.42,0,footway
726,392,25.37,1,footway|steps
726,1572,12.27,1,footway|steps
726,1843,29.86,0,footway
727,724,15.58,0,footway
727,728,20.19,0,footway
727,744,14.48,0,footway
728,725,15.31,1,footway|steps
728,727,20.19,0,footway
728,1505,25.77,0,footway
729,730,9.81,0,footway
729,879,47.40,0,footway
729,1621,26.57,1,footway|steps
729,1844,82.72,0,footway
730,729,9.81,0,footway
730,734,44.99,0,footway
730,1141,22.58,0,footway
731,588,18.32,0,footway
731,733,4.69,0,footway
731,893,3.05,0,footway
732,733,2.66,0,footway
733,368,17.37,0,footway
733,731,4.69,0,footway
733,732,2.66,0,footway
734,585,8.24,0,footway
734,730,44.99,0,footway
734,735,10.63,0,footway
735,734,10.63,0,footway
735,736,0.84,0,footway
735,777,11.37,0,footway
736,735,0.84,0,footway
737,715,36.78,0,footway
737,719,14.47,0,footway
737,720,21.18,1,footway|steps
738,642,12.31,0,footway
738,739,1.28,0,footway
738,1498,38.84,0,footway
739,373,57.41,0,footway
739,374,9.12,0,footway
739,738,1.28,0,footway
740,1498,5.22,0,footway
741,374,22.86,0,footway
742,373,17.28,0,footway
742,403,43.73,1,footway|steps
742,723,7.69,1,footway|steps
742,1500,7.02,0,footway
743,369,2.25,0,footway
743,388,21.51,0,footway
743,1656,12.81,0,footway
744,581,8.40,0,footway
744,727,14.48,0,footway
744,1510,11.52,0,footway
745,1923,8.56,0,footway
746,1922,5.36,0,footway
747,483,37.26,0,footway|service
748,769,6.11,0,footway
749,1500,2.42,0,footway
750,1657,2.50,0,footway
751,113,103.21,0,secondary
751,793,6.85,0,secondary
751,1870,7.09,0,service
752,219,17.96,0,footway
752,754,21.27,0,footway
752,757,23.71,0,footway
752,1336,9.83,0,footway
753,220,43.95,0,footway
754,219,29.19,0,pedestrian
754,556,19.03,0,pedestrian
754,752,21.27,0,footway
754,771,30.84,0,footway
755,1334,10.11,0,footway
755,1335,8.40,0,footway
755,1623,18.40,0,footway
756,225,24.57,0,footway
756,537,11.44,0,footway
756,792,7.25,0,footway
757,752,23.71,0,footway
758,1915,2.22,0,footway
759,1226,1.82,0,footway
760,1232,26.14,1,steps
761,1663,1.97,0,footway
762,1648,9.51,0,footway
763,1640,2.07,0,footway
764,1258,2.44,0,footway
765,1648,9.47,0,footway
766,247,42.17,0,footway
767,257,4.41,0,footway
768,188,13.65,0,footway
769,181,10.50,0,footway
769,349,9.51,0,footway
769,748,6.11,0,footway
769,770,7.20,0,footway
770,181,6.59,0,footway
770,349,8.15,0,footway
770,769,7.20,0,footway
771,754,30.84,0,footway
772,389,7.54,0,footway
772,1685,4.54,0,footway
772,1687,1.90,0,footway
773,1175,1.29,0,footway
774,1136,6.68,0,footway
775,1667,6.83,0,footway
776,714,7.18,0,footway
777,735,11.37,0,footway
778,211,87.69,0,footway
778,780,4.06,0,footway
778,1320,62.88,0,track
779,781,39.68,0,footway
780,215,43.28,0,footway
780,778,4.06,0,footway
780,827,36.30,1,footway|steps
781,779,39.68,0,footway
781,1315,4.58,0,living_street
781,1316,71.82,0,footway|living_street
782,217,41.70,0,living_street|service
782,265,49.47,0,footway
782,785,41.53,0,footway
782,1315,28.69,0,living_street
783,1210,8.63,0,footway
784,217,24.88,0,service
784,787,28.21,0,service
784,1529,44.16,0,service
785,782,41.53,0,footway
785,996,29.03,0,footway
785,1315,57.89,0,footway
786,1207,25.06,0,footway
786,1210,164.57,0,footway
786,1813,84.79,0,footway
787,784,28.21,0,service
787,1530,7.71,0,service
787,1729,5.20,0,footway
787,1809,10.61,0,footway
788,1607,4.88,0,footway
789,1606,6.95,0,footway
790,1605,6.14,0,footway
791,288,2.73,0,footway
792,536,30.67,0,footway
792,537,15.84,0,footway
792,756,7.25,0,footway
792,1629,35.31,0,footway
793,751,6.85,0,secondary
793,1304,5.67,0,footway
793,1601,6.86,0,footway
794,795,38.79,0,pedestrian
794,988,3.23,0,pedestrian
794,1004,19.17,1,footway|steps
795,220,11.05,0,footway
795,794,38.79,0,pedestrian
795,1003,17.10,1,footway|steps
796,542,31.48,1,footway|steps
796,1304,32.69,0,footway
796,1869,5.15,0,footway
797,221,23.50,0,pedestrian
798,221,37.12,0,pedestrian
798,222,33.85,0,pedestrian
798,799,21.31,0,footway
799,798,21.31,0,footway
800,222,23.47,0,footway
801,591,17.22,0,service
802,930,4.45,0,footway
803,87,17.84,0,footway
803,1414,9.01,0,footway
803,1451,10.58,0,footway
804,1382,27.75,0,footway
805,1411,4.81,0,footway
806,1881,5.04,0,footway
807,1881,4.33,0,footway
808,1129,16.36,0,footway
809,79,8.80,1,steps
810,1114,5.32,0,footway
811,1401,30.97,0,footway|pedestrian
812,1600,8.14,1,footway|steps
813,1455,1.52,0,footway
814,1397,4.14,0,footway
815,955,4.33,0,footway
816,1154,9.72,0,footway
817,1126,1.68,0,footway
818,936,21.61,0,footway
819,950,8.50,0,footway
820,1396,19.51,1,footway|steps
821,1878,5.73,0,footway
822,1128,3.60,0,footway
823,956,10.99,0,footway
824,1402,8.55,1,footway|steps
825,201,26.10,0,service
825,358,87.45,0,footway|service
825,1133,49.87,0,pedestrian|service
826,1454,39.17,0,footway
827,258,35.06,0,footway
827,780,36.30,1,footway|steps
827,828,29.48,0,footway
828,827,29.48,0,footway
828,829,1.16,0,footway
828,1864,11.60,0,footway
829,828,1.16,0,footway
830,657,9.31,1,footway|steps
831,302,35.03,0,path
832,833,16.07,1,footway|steps
832,835,52.35,0,footway
832,1050,18.84,0,footway
833,43,14.69,0,service
833,832,16.07,1,footway|steps
833,1819,42.29,0,service
834,835,17.24,0,footway
835,832,52.35,0,footway
835,834,17.24,0,footway
835,1275,7.33,0,footway
836,1627,5.52,0,footway
837,838,22.53,0,footway
837,882,26.22,0,footway
837,910,7.01,0,footway
838,837,22.53,0,footway
838,884,35.54,0,footway
838,1627,23.92,0,footway
839,1752,17.87,0,service
840,551,72.06,0,service
840,1752,4.41,0,service
840,1754,70.57,0,service
841,843,2.86,0,footway
841,1887,4.35,0,footway
841,1888,4.27,0,footway
842,843,14.70,0,footway
843,841,2.86,0,footway
843,842,14.70,0,footway
843,1898,20.70,0,footway
844,1887,13.44,0,footway
845,530,43.72,0,footway
846,860,50.54,0,footway
846,1372,12.28,0,service
846,1470,22.83,0,service
847,367,59.86,0,footway
847,858,17.55,0,service
847,1372,6.24,0,service
848,523,2.98,0,footway
848,851,12.12,0,footway
848,1048,3.27,0,footway
849,1444,17.25,0,footway
850,856,15.33,0,footway
851,703,11.99,0,footway
851,848,12.12,0,footway
851,856,14.34,0,footway
852,363,2.91,0,footway
852,855,64.91,0,footway
852,1944,8.72,0,footway
853,6,48.56,0,service
853,856,7.57,0,footway
853,1376,7.55,0,service
854,363,56.59,0,footway
854,407,29.50,0,service
854,704,63.88,0,service
854,1048,71.80,0,footway
855,852,64.91,0,footway
855,1477,29.58,0,footway
855,1480,28.52,0,footway
856,850,15.33,0,footway
856,851,14.34,0,footway
856,853,7.57,0,footway
857,858,19.29,0,footway
857,861,31.17,0,footway
857,1464,37.61,0,footway
858,356,19.67,0,service
858,847,17.55,0,service
858,857,19.29,0,footway
859,1444,30.04,0,footway
860,846,50.54,0,footway
860,861,12.30,0,footway
860,1635,17.58,1,footway|steps
861,857,31.17,0,footway
861,860,12.30,0,footway
861,1465,1.26,0,footway
862,365,2.37,0,footway
862,863,12.58,0,footway
862,1428,37.51,0,footway
863,862,12.58,0,footway
863,1426,10.46,1,steps
864,1248,26.52,0,footway
864,1544,4.69,1,steps
864,1664,28.60,0,footway
865,656,8.38,0,footway
866,8,67.40,0,track
866,76,49.78,0,track
866,124,11.69,0,path
867,652,19.43,0,footway
867,869,31.10,0,footway
867,890,17.21,0,footway
867,1620,9.95,0,footway
868,147,9.99,0,footway
868,869,26.85,0,footway
868,1060,13.53,0,footway
869,664,5.12,0,footway
869,867,31.10,0,footway
869,868,26.85,0,footway
870,872,55.62,0,footway
871,8,42.96,0,tertiary
871,872,16.07,0,footway
871,1038,108.57,0,tertiary
872,870,55.62,0,footway
872,871,16.07,0,footway
872,1053,443.80,0,path
873,603,11.54,0,footway
873,608,14.09,0,footway
873,885,1.72,0,footway
874,1193,6.63,0,footway
875,38,9.72,0,footway
875,47,12.15,0,secondary_link
875,52,10.33,0,footway
875,1579,3.29,0,secondary_link
876,1514,38.27,0,service
877,412,8.28,0,service
878,896,7.18,0,footway
879,729,47.40,0,footway
879,923,22.59,0,footway
879,1621,35.28,0,footway
880,108,13.94,0,secondary
880,881,5.04,0,service
880,913,66.36,0,secondary
881,880,5.04,0,service
881,883,30.38,0,footway
881,923,36.97,0,footway
881,924,50.19,0,footway
882,580,83.60,0,footway
882,586,5.53,0,service
882,587,9.13,0,service
882,837,26.22,0,footway
883,881,30.38,0,footway
884,838,35.54,0,footway
884,913,5.83,0,footway
884,1627,21.58,0,footway
885,873,1.72,0,footway
886,557,13.56,1,steps
886,558,25.32,0,pedestrian
886,887,14.99,0,pedestrian
887,557,20.64,0,footway
887,886,14.99,0,pedestrian
887,1170,40.58,0,pedestrian
888,531,12.22,0,footway
888,635,5.54,0,footway
888,641,0.94,0,footway
888,919,19.24,0,footway
889,1570,7.64,1,footway|steps
890,152,43.06,1,footway|steps
890,656,5.02,0,footway
890,867,17.21,0,footway
891,482,7.63,0,footway
891,1006,39.47,0,footway
891,1239,27.10,0,footway
892,394,15.65,0,footway
892,722,9.15,0,footway
892,1841,6.22,0,footway
893,731,3.05,0,footway
894,136,37.77,0,service
894,144,16.00,0,service
894,1554,4.37,0,footway
895,581,16.54,0,footway
895,897,8.13,0,footway
895,1693,11.29,0,path
896,532,16.56,0,footway
896,878,7.18,0,footway
896,897,3.96,0,footway
897,580,22.99,0,footway
897,895,8.13,0,footway
897,896,3.96,0,footway
898,352,12.26,0,footway
898,1594,35.96,0,footway
898,1665,11.33,0,footway
899,352,8.55,0,footway
899,900,12.79,0,footway
899,1666,6.60,0,footway
899,1761,12.92,0,footway
900,351,96.91,0,footway
900,899,12.79,0,footway
900,1051,43.27,0,footway
901,1051,8.70,0,footway
901,1591,64.16,0,footway
901,1761,26.94,0,footway
902,391,1.07,0,footway
902,639,9.98,0,footway
902,918,25.44,0,footway
903,904,5.49,0,footway
903,905,22.06,0,service
903,1545,75.05,0,service
903,1628,34.34,0,footway
904,903,5.49,0,footway
904,905,10.74,1,footway|steps
904,1067,69.67,0,footway
905,448,31.79,0,service
905,903,22.06,0,service
905,904,10.74,1,footway|steps
905,907,5.59,0,footway
906,110,5.02,0,footway
906,353,20.39,0,footway
906,1621,7.40,0,footway
907,905,5.59,0,footway
907,1546,22.60,1,footway|steps
907,1547,13.15,0,footway
907,1933,10.22,0,footway
908,133,18.59,0,footway
908,583,4.45,0,service
908,584,19.64,0,service
908,909,43.14,0,footway
909,908,43.14,0,footway
909,910,9.19,0,footway
909,911,9.26,0,footway
910,586,21.54,0,service
910,837,7.01,0,footway
910,909,9.19,0,footway
910,1858,6.19,0,service
911,26,62.01,0,tertiary
911,909,9.26,0,footway
911,912,6.54,0,footway
911,1858,14.90,0,tertiary
912,346,12.14,0,footway
912,508,89.24,1,footway|steps
912,911,6.54,0,footway
913,180,24.92,0,footway
913,880,66.36,0,secondary
913,884,5.83,0,footway
913,1858,76.06,0,secondary|tertiary
914,1584,0.66,0,footway
915,604,1.70,0,footway
916,917,6.48,1,steps
917,916,6.48,1,steps
917,1460,44.53,0,path
917,1511,13.29,0,footway
918,902,25.44,0,footway
918,1193,3.73,0,footway
918,1512,12.21,1,footway|steps
918,1825,5.77,0,footway
919,888,19.24,0,footway
920,645,11.26,1,footway|steps
920,654,35.47,0,footway
920,658,29.58,0,footway
921,1685,16.26,0,footway
922,924,13.33,0,footway
923,879,22.59,0,footway
923,881,36.97,0,footway
923,924,1.18,0,footway
924,881,50.19,0,footway
924,922,13.33,0,footway
924,923,1.18,0,footway
925,582,36.52,0,footway
926,587,25.94,0,service
927,88,34.45,0,footway
928,1388,98.94,1,footway|steps
928,1417,11.20,1,footway|steps
928,1452,25.97,0,footway
929,477,31.27,0,footway
930,802,4.45,0,footway
930,1077,28.24,1,footway|steps
931,1034,21.20,0,footway
931,1421,101.87,0,footway|service
931,1862,17.74,0,footway
932,933,12.35,0,footway
932,1412,25.84,0,footway
932,1574,24.24,0,footway
933,932,12.35,0,footway
933,934,33.07,0,footway
933,1716,29.48,0,footway
933,1717,77.38,0,footway
934,933,33.07,0,footway
934,936,45.53,0,pedestrian
934,1716,15.70,0,pedestrian
935,490,17.29,0,service
935,1422,9.93,0,service
935,1756,4.71,0,footway
936,818,21.61,0,footway
936,934,45.53,0,pedestrian
936,1408,12.79,0,footway
936,1420,30.83,1,footway|pedestrian|steps
937,104,9.55,0,residential
937,314,18.09,0,pedestrian
937,552,12.44,0,residential
938,939,18.67,0,footway
938,941,9.14,0,footway
938,1941,44.28,0,footway
939,938,18.67,0,footway
939,940,4.36,0,footway
939,1429,14.92,0,footway
940,939,4.36,0,footway
940,942,12.06,1,footway|steps
941,938,9.14,0,footway
941,1429,10.22,1,footway|steps
941,1941,22.37,1,footway|steps
942,940,12.06,1,footway|steps
942,1150,10.39,0,footway
943,533,31.46,0,service
943,561,13.16,0,service
943,946,185.01,0,footway
943,1052,10.88,0,footway
944,945,71.33,0,footway
944,1052,45.87,0,footway
944,1711,10.59,0,footway
945,118,7.97,0,service
945,179,8.07,0,footway
945,944,71.33,0,footway
945,1192,86.19,0,service
946,943,185.01,0,footway
946,948,11.32,0,footway
946,1219,8.45,0,footway
947,119,159.58,0,service
947,177,44.47,0,footway
947,1431,5.65,0,service
947,1711,4.75,0,footway
948,190,161.85,0,footway
948,946,11.32,0,footway
948,949,7.98,0,footway
949,362,63.07,0,service
949,948,7.98,0,footway
949,1219,12.73,0,service
949,1626,5.82,0,footway
950,490,9.68,0,service
950,819,8.50,0,footway
950,1407,29.81,0,service
951,1393,17.74,1,footway|steps
951,1454,18.08,1,footway|steps
951,1457,22.33,1,footway|steps
952,1129,9.51,0,pedestrian
952,1393,10.46,0,pedestrian
952,1878,18.77,0,footway
953,954,8.84,0,pedestrian
953,1394,11.96,0,footway
953,1456,8.99,0,footway
953,1559,10.60,0,pedestrian
954,953,8.84,0,pedestrian
954,1400,25.65,0,pedestrian
954,1455,8.85,0,footway
955,815,4.33,0,footway
955,956,6.03,0,footway
955,1440,31.16,1,footway|steps
956,823,10.99,0,footway
956,955,6.03,0,footway
956,959,6.86,0,footway
957,193,41.28,0,footway
957,1114,8.58,0,footway
957,1126,23.54,0,footway
958,1124,31.08,0,footway
958,1125,2.18,0,footway
958,1871,35.93,0,footway
959,956,6.86,0,footway
959,1124,72.62,0,footway
959,1151,2.16,0,footway
960,161,22.04,0,footway
960,1192,48.32,0,footway
960,1433,30.01,0,footway
961,1074,40.33,0,footway
962,1779,19.53,0,footway
963,1072,11.92,0,footway
963,1775,22.91,0,footway
964,1080,24.66,0,footway
964,1122,25.35,0,footway
964,1228,11.26,0,footway
964,1229,20.47,0,footway
965,968,40.53,0,footway
966,1106,9.95,0,footway
967,1102,3.85,0,footway
968,965,40.53,0,footway
968,1099,40.25,0,footway
968,1104,6.86,0,footway
969,484,34.47,0,footway
969,509,22.31,0,footway
969,1115,30.62,0,footway
970,114,47.02,0,pedestrian
970,115,45.77,0,pedestrian
970,1548,161.99,0,footway
971,497,39.16,0,footway
971,973,28.78,0,footway
971,1014,77.55,0,footway
972,977,16.78,0,pedestrian
972,979,21.83,0,footway
972,1520,46.10,0,pedestrian
973,971,28.78,0,footway
973,1266,5.33,0,pedestrian
973,1520,5.31,0,pedestrian
974,976,13.93,0,service
974,1035,40.08,0,footway|service
974,1224,13.39,0,service
975,976,3.30,0,service
975,977,30.98,0,service
975,979,24.53,0,footway
976,974,13.93,0,service
976,975,3.30,0,service
976,1224,18.48,0,service
977,972,16.78,0,pedestrian
977,975,30.98,0,service
977,1014,20.15,0,service
977,1518,26.26,0,footway
978,501,40.69,1,footway|steps
978,980,34.90,0,footway
978,1267,14.42,1,steps
979,972,21.83,0,footway
979,975,24.53,0,footway
979,980,9.99,0,footway
980,978,34.90,0,footway
980,979,9.99,0,footway
980,1267,32.37,0,footway
981,162,3.12,0,footway
981,495,26.34,0,footway
981,1519,5.26,1,footway|steps
982,983,39.22,0,footway
983,131,5.73,0,service
983,494,84.28,0,service
983,982,39.22,0,footway
983,1744,2.21,0,footway
984,1743,5.96,0,footway
984,1744,13.05,1,footway|steps
984,1773,14.02,0,footway
985,537,18.92,0,footway
985,986,7.87,1,steps
985,1909,29.93,0,footway
986,226,15.99,0,footway
986,985,7.87,1,steps
986,1909,3.14,0,footway
987,219,24.81,1,footway|steps
988,794,3.23,0,pedestrian
988,989,23.27,0,pedestrian
988,1329,15.56,1,footway|steps
989,205,35.31,0,pedestrian
989,988,23.27,0,pedestrian
989,1330,19.21,1,footway|steps
990,292,58.60,0,footway
991,992,10.03,0,footway
991,1287,2.10,0,footway
991,1288,36.16,0,footway
992,292,27.10,0,pedestrian
992,991,10.03,0,footway
992,1286,8.33,0,pedestrian
993,281,36.54,0,path
993,286,35.19,0,footway|service
993,1611,16.20,0,service
994,2,15.59,0,residential
994,243,27.96,0,service
994,249,32.60,0,residential
994,1611,5.09,0,service
995,263,7.28,0,footway
995,1255,15.43,0,footway
995,1814,18.79,0,footway
996,785,29.03,0,footway
996,1528,22.60,0,footway
996,1529,34.37,0,footway|service
997,264,62.30,0,footway|living_street
997,1001,8.23,0,footway
997,1256,41.81,0,footway
998,999,17.89,0,footway
998,1317,16.97,0,footway
998,1318,14.10,0,footway
999,998,17.89,0,footway
1000,258,8.31,0,footway
1000,1256,28.22,0,footway
1000,1864,12.46,0,footway
1001,997,8.23,0,footway
1001,1002,36.08,0,footway
1001,1211,10.45,0,footway
1002,263,12.06,0,footway
1002,1001,36.08,0,footway
1002,1211,14.84,0,footway
1003,795,17.10,1,footway|steps
1004,794,19.17,1,footway|steps
1005,1007,5.93,1,steps
1005,1237,13.09,0,footway
1005,1770,14.89,1,footway|steps
1006,891,39.47,0,footway
1006,1007,16.63,0,footway
1006,1769,5.46,0,footway
1006,1770,16.59,1,steps
1007,1005,5.93,1,steps
1007,1006,16.63,0,footway
1007,1238,13.18,0,footway
1008,1236,10.44,0,footway
1008,1237,9.77,1,footway|steps
1008,1776,29.43,1,footway|steps
1009,138,10.41,0,footway
1009,500,63.17,0,footway
1009,1225,38.38,0,footway
1010,1113,19.87,0,footway
1011,194,59.77,0,footway
1011,1955,4.39,0,footway
1011,1956,9.60,0,footway
1012,163,29.18,0,footway
1013,1519,7.57,0,footway
1014,971,77.55,0,footway
1014,977,20.15,0,service
1014,1015,13.27,0,track
1014,1517,16.14,1,footway|steps
1015,83,91.97,0,track
1015,1014,13.27,0,track
1015,1221,68.56,0,residential|track
1016,1017,6.10,0,footway
1016,1126,16.76,0,footway
1016,1403,23.60,1,footway|steps
1017,172,9.56,0,footway
1017,1016,6.10,0,footway
1017,1458,22.28,0,footway
1018,574,32.24,0,footway
1018,1138,10.64,0,footway
1018,1876,24.89,0,footway
1019,1167,12.33,0,path
1020,1876,96.81,0,footway
1021,281,21.86,0,footway
1021,282,12.19,0,footway
1021,1022,15.76,0,path
1022,281,12.11,0,footway
1022,283,11.76,0,footway
1022,1021,15.76,0,path
1023,241,15.91,0,footway
1023,1297,9.28,0,footway
1023,1639,5.06,0,footway
1024,243,14.25,0,footway
1024,244,14.75,0,footway
1024,1025,20.32,1,footway|steps
1024,1291,4.77,0,footway
1025,245,14.20,0,footway
1025,248,13.42,0,footway
1025,1024,20.32,1,footway|steps
1025,1290,4.76,0,footway
1026,240,50.32,0,footway|service
1026,578,3.32,0,footway
1026,1027,6.03,0,footway
1027,1026,6.03,0,footway
1027,1526,32.36,0,footway
1027,1671,26.74,0,footway
1028,246,38.64,0,footway|service
1028,578,17.01,0,footway
1028,1672,8.17,1,steps
1029,216,18.37,0,service
1030,276,71.33,0,track
1031,1252,26.64,0,footway
1032,470,20.02,0,path
1032,472,20.77,0,path
1032,1459,244.21,0,path
1033,1144,74.85,0,path
1034,931,21.20,0,footway
1034,1707,28.73,1,footway|steps
1034,1719,5.45,0,footway
1035,974,40.08,0,footway|service
1036,49,424.40,0,secondary
1036,411,176.21,0,path
1037,331,98.51,0,living_street
1037,553,8.83,0,living_street
1038,209,369.21,0,tertiary
1038,871,108.57,0,tertiary
1038,1039,16.57,0,path
1039,559,188.97,0,path
1039,1038,16.57,0,path
1039,1045,320.50,0,path
1040,70,28.86,0,footway
1040,492,103.12,1,footway|steps
1040,1042,1.68,0,footway
1041,1590,20.67,1,footway|steps
1041,1689,15.42,1,path|steps
1041,1690,51.51,0,path
1042,1040,1.68,0,footway
1043,65,5.23,0,service
1043,351,73.63,0,footway
1043,354,25.16,0,footway
1043,693,10.60,0,service
1044,1045,22.72,0,path
1044,1046,24.81,0,path
1044,1691,26.09,0,path
1045,1039,320.50,0,path
1045,1044,22.72,0,path
1045,1046,28.10,0,path
1045,1691,108.51,0,path
1046,1044,24.81,0,path
1046,1045,28.10,0,path
1046,1244,5.50,0,path
1047,18,13.06,0,secondary
1047,1303,14.87,0,secondary
1047,1668,12.41,0,footway
1047,1669,14.26,0,footway
1048,530,41.17,0,footway
1048,848,3.27,0,footway
1048,854,71.80,0,footway
1049,47,22.86,0,secondary
1049,52,21.21,0,secondary_link
1049,1312,1.92,0,secondary
1050,52,20.95,0,footway
1050,832,18.84,0,footway
1050,1312,8.53,0,footway
1051,566,73.41,0,footway
1051,900,43.27,0,footway
1051,901,8.70,0,footway
1051,1762,4.69,1,steps
1052,177,13.11,0,footway
1052,184,13.67,0,footway
1052,943,10.88,0,footway
1052,944,45.87,0,footway
1053,872,443.80,0,path
1053,1957,6.78,0,path
1054,210,259.52,0,path
1055,453,98.96,0,track
1055,1797,17.14,0,track
1055,1799,2.58,0,footway
1055,1802,6.55,0,footway
1056,1346,4.60,0,service
1057,1058,5.89,0,footway
1057,1059,45.88,1,footway|steps
1057,1349,36.54,0,footway
1058,1057,5.89,0,footway
1059,1057,45.88,1,footway|steps
1060,601,29.49,1,footway|steps
1060,653,16.92,0,footway
1060,868,13.53,0,footway
1061,312,32.17,0,path
1062,312,67.22,0,path
1062,559,77.08,0,path
1062,560,27.32,0,path
1062,1063,25.72,0,path
1063,1062,25.72,0,path
1064,68,30.16,0,footway
1064,1277,67.66,0,footway
1064,1515,37.79,0,footway
1065,351,5.88,0,footway
1065,1216,5.33,0,living_street
1065,1272,17.45,0,footway
1065,1273,16.01,0,living_street
1066,110,12.20,0,secondary
1067,904,69.67,0,footway
1067,1196,10.30,0,footway
1067,1599,62.69,0,path
1068,1545,48.53,0,footway
1068,1628,61.82,0,path
1068,1689,263.83,0,footway|path
1069,1725,48.25,0,service
1070,23,157.76,0,unclassified
1070,98,27.67,0,unclassified
1070,306,84.01,0,path
1070,333,52.65,0,path
1071,16,7.13,0,tertiary
1071,143,153.24,0,tertiary
1071,1198,14.47,0,footway
1071,1199,7.58,0,footway
1072,142,7.63,0,footway
1072,963,11.92,0,footway
1073,82,41.30,0,service
1073,97,4.87,0,service
1074,961,40.33,0,footway
1074,1190,24.91,0,footway
1074,1191,3.14,0,footway
1075,64,17.56,0,footway
1075,359,15.20,0,service
1075,1366,32.88,0,footway
1075,1927,23.88,0,service
1076,235,22.16,0,service
1076,590,87.42,0,service
1076,1325,8.74,0,service
1077,930,28.24,1,footway|steps
1077,1325,7.92,0,footway
1078,116,34.72,0,footway
1078,194,31.69,0,footway
1078,1168,17.43,0,living_street
1078,1484,16.87,0,living_street
1079,480,23.07,0,footway
1079,509,8.50,0,footway
1079,1096,22.06,0,living_street
1080,964,24.66,0,footway
1081,479,4.82,0,footway
1081,1700,57.00,0,footway
1081,1704,80.38,0,footway
1082,599,9.68,0,service
1082,600,10.91,0,service
1082,1703,8.64,0,footway
1083,699,11.94,0,footway
1083,1445,12.41,0,footway
1083,1699,37.25,1,footway|steps
1084,698,30.44,0,track
1084,1085,18.65,0,track
1084,1705,123.81,0,track
1085,1084,18.65,0,track
1085,1086,16.62,0,track
1085,1087,85.63,0,track
1086,515,2.68,0,track
1086,697,17.06,1,steps|track
1086,1085,16.62,0,track
1087,341,50.50,0,path
1087,342,138.26,0,path
1087,1085,85.63,0,track
1088,1111,9.20,0,footway
1089,1567,6.92,0,footway
1090,1091,26.88,0,footway
1091,1090,26.88,0,footway
1091,1092,27.19,0,living_street
1091,1093,13.79,0,living_street
1092,1091,27.19,0,living_street
1092,1566,65.92,0,living_street
1092,1568,7.41,0,service
1093,1091,13.79,0,living_street
1093,1094,10.20,0,living_street
1093,1108,20.12,0,footway
1094,1093,10.20,0,living_street
1094,1095,38.75,0,living_street
1094,1097,12.66,0,footway
1095,1094,38.75,0,living_street
1095,1119,9.57,0,living_street
1095,1121,38.08,0,footway
1096,1079,22.06,0,living_street
1096,1119,4.81,0,living_street
1096,1569,27.54,1,footway|steps
1097,1094,12.66,0,footway
1097,1101,4.16,0,footway
1097,1123,22.36,0,footway
1098,1110,0.91,0,footway
1099,968,40.25,0,footway
1099,1100,1.65,0,footway
1099,1488,14.69,1,footway|steps
1100,1099,1.65,0,footway
1101,1097,4.16,0,footway
1101,1111,23.98,0,footway
1101,1123,5.52,1,steps
1102,967,3.85,0,footway
1102,1105,20.48,0,footway
1102,1106,5.69,0,footway
1103,504,7.85,0,footway
1103,1104,5.07,0,footway
1103,1105,9.59,0,footway
1104,968,6.86,0,footway
1104,1103,5.07,0,footway
1104,1105,6.98,1,steps
1105,1102,20.48,0,footway
1105,1103,9.59,0,footway
1105,1104,6.98,1,steps
1105,1106,14.77,1,footway|steps
1106,966,9.95,0,footway
1106,1102,5.69,0,footway
1106,1105,14.77,1,footway|steps
1107,480,15.04,0,service
1107,510,24.76,0,service
1107,1568,12.66,0,service
1108,1093,20.12,0,footway
1108,1566,4.95,1,steps
1108,1567,3.94,0,footway
1109,1110,15.57,0,footway
1110,1098,0.91,0,footway
1110,1109,15.57,0,footway
1110,1567,3.75,0,footway
1111,1088,9.20,0,footway
1111,1101,23.98,0,footway
1111,1228,16.28,0,footway
1112,128,67.44,1,footway|steps
1112,191,10.04,0,living_street
1112,196,9.29,0,living_street
1113,505,22.73,0,service
1113,506,12.95,0,service
1113,1010,19.87,0,footway
1114,193,31.21,1,footway|steps
1114,810,5.32,0,footway
1114,957,8.58,0,footway
1115,969,30.62,0,footway
1116,1117,40.76,0,footway
1117,1116,40.76,0,footway
1117,1491,4.81,1,steps
1118,1488,8.97,0,footway
1119,1095,9.57,0,living_street
1119,1096,4.81,0,living_street
1119,1491,2.65,0,footway
1120,504,7.21,0,footway
1121,1095,38.08,0,footway
1122,502,18.25,0,footway
1122,964,25.35,0,footway
1122,1123,31.58,0,footway
1123,1097,22.36,0,footway
1123,1101,5.52,1,steps
1123,1122,31.58,0,footway
1124,13,41.65,0,footway
1124,958,31.08,0,footway
1124,959,72.62,0,footway
1125,958,2.18,0,footway
1126,817,1.68,0,footway
1126,957,23.54,0,footway
1126,1016,16.76,0,footway
1127,1128,20.22,0,footway
1127,1152,25.62,0,footway
1127,1458,3.02,0,footway
1128,822,3.60,0,footway
1128,1127,20.22,0,footway
1128,1878,5.76,0,footway
1129,808,16.36,0,footway
1129,952,9.51,0,pedestrian
1129,1152,45.96,1,footway|steps
1130,1399,6.66,0,footway
1130,1400,31.83,0,pedestrian
1130,1401,6.43,0,pedestrian
1131,493,25.81,0,footway
1132,452,12.79,0,footway
1132,1363,18.87,0,footway
1132,1365,14.34,0,path
1133,825,49.87,0,pedestrian|service
1133,1396,4.85,0,pedestrian
1133,1397,39.32,0,footway|path
1134,322,20.08,0,footway
1134,323,11.54,0,footway
1134,1135,246.55,0,footway|service
1135,512,13.06,0,service
1135,1134,246.55,0,footway|service
1135,1136,31.45,0,footway
1136,223,57.50,0,footway
1136,774,6.68,0,footway
1136,1135,31.45,0,footway
1137,56,41.66,0,footway
1137,1173,27.27,0,footway
1137,1763,156.39,0,footway
1138,1018,10.64,0,footway
1138,1430,64.21,1,footway|path|steps
1138,1919,20.90,0,path
1139,400,100.71,0,path
1139,1919,93.48,0,path
1139,1951,8.22,0,path
1140,364,54.73,0,path
1140,400,107.83,0,path
1140,473,534.76,0,path
1141,369,42.38,0,footway|path
1141,381,16.67,0,footway
1141,387,10.76,1,footway|steps
1141,730,22.58,0,footway
1142,31,69.09,0,path
1142,1295,32.62,0,path
1142,1899,13.57,0,path
1143,3,59.63,0,path
1143,1144,12.21,0,path
1143,1147,10.40,0,path
1143,1148,46.74,0,path
1144,1033,74.85,0,path
1144,1143,12.21,0,path
1144,1145,46.11,0,path
1144,1147,17.18,0,path
1145,30,40.37,0,path
1145,1144,46.11,0,path
1145,1146,62.53,0,path
1145,1299,45.09,0,path
1146,1145,62.53,0,path
1146,1147,18.07,0,path
1146,1899,16.46,0,path
1147,1143,10.40,0,path
1147,1144,17.18,0,path
1147,1146,18.07,0,path
1148,1143,46.74,0,path
1149,459,8.36,0,service
1149,461,40.01,0,service
1149,1374,5.82,0,footway
1150,942,10.39,0,footway
1150,1427,4.47,0,footway
1150,1429,13.30,1,footway|steps
1151,959,2.16,0,footway
1151,1367,32.81,0,footway
1151,1539,35.22,1,footway|steps
1152,1127,25.62,0,footway
1152,1129,45.96,1,footway|steps
1152,1440,17.64,1,footway|steps
1152,1753,101.25,1,footway|steps
1153,1154,12.91,1,footway|steps
1153,1379,8.13,1,steps
1153,1389,11.30,0,footway
1154,178,13.42,1,footway|steps
1154,816,9.72,0,footway
1154,1153,12.91,1,footway|steps
1155,192,13.10,0,footway
1155,197,3.30,0,footway
1155,1156,43.57,0,footway
1156,1155,43.57,0,footway
1156,1440,9.98,0,footway
1156,1458,12.94,1,footway|steps
1157,1398,9.50,1,footway|steps
1158,1759,53.23,0,footway
1159,1352,46.79,0,footway
1159,1356,1.32,0,footway
1159,1902,10.23,0,footway
1160,1161,28.62,0,footway
1160,1163,47.00,0,footway
1160,1900,12.25,0,footway
1161,275,24.71,0,footway
1161,1160,28.62,0,footway
1161,1163,5.70,0,footway
1162,1163,10.49,0,footway
1163,1160,47.00,0,footway
1163,1161,5.70,0,footway
1163,1162,10.49,0,footway
1164,318,39.55,0,path
1164,410,66.86,0,path
1164,1328,170.44,0,path
1165,179,21.43,0,footway
1165,1166,35.80,0,path
1165,1200,46.93,0,footway
1166,1165,35.80,0,path
1166,1167,17.60,0,path
1166,1459,14.67,0,path
1167,1019,12.33,0,path
1167,1166,17.60,0,path
1167,1200,37.06,0,path
1167,1459,15.87,0,path
1168,1078,17.43,0,living_street
1168,1548,6.49,0,pedestrian
1168,1955,66.32,0,living_street
1169,433,13.97,0,service
1169,436,27.35,0,service
1169,1955,4.60,0,living_street
1170,222,24.75,0,pedestrian
1170,558,104.98,0,footway
1170,887,40.58,0,pedestrian
1171,1172,17.63,0,footway
1171,1424,6.12,0,service
1171,1552,5.00,0,footway
1171,1932,53.05,0,service
1172,567,5.45,0,service
1172,1171,17.63,0,footway
1172,1932,21.58,0,service
1172,1933,9.09,0,footway
1173,55,9.53,0,service
1173,57,22.37,0,service
1173,1137,27.27,0,footway
1173,1195,39.18,0,footway
1174,1177,35.87,1,footway|steps
1175,421,28.14,0,footway|service
1175,773,1.29,0,footway
1175,1180,20.52,1,footway|steps
1176,431,33.61,0,service
1176,441,29.52,0,service
1176,524,68.68,0,footway
1176,1177,19.85,1,steps
1177,1174,35.87,1,footway|steps
1177,1176,19.85,1,steps
1177,1180,7.81,0,footway
1178,593,16.32,0,footway
1178,595,32.66,0,footway
1178,1180,5.41,0,footway
1179,173,17.40,0,footway
1179,199,21.11,0,footway
1179,593,34.98,0,footway
1179,595,51.78,0,path
1180,1175,20.52,1,footway|steps
1180,1177,7.81,0,footway
1180,1178,5.41,0,footway
1181,1189,13.49,0,service
1182,1183,4.61,0,track
1182,1184,46.02,0,path
1182,1654,48.59,0,track
1183,1182,4.61,0,track
1183,1578,40.48,0,track
1183,1834,246.45,0,track
1184,1182,46.02,0,path
1184,1651,50.34,0,path
1184,1696,19.29,0,path
1184,1952,69.68,0,path
1185,1261,15.47,0,path
1185,1839,17.47,0,path
1186,297,20.02,0,service
1186,596,16.08,0,service
1186,1954,4.37,0,footway
1187,336,53.84,0,path
1187,337,51.11,0,path
1187,1188,50.29,0,path
1188,1187,50.29,0,path
1189,365,58.42,0,service
1189,1181,13.49,0,service
1189,1724,12.06,0,service
1190,445,8.63,0,service
1190,1074,24.91,0,footway
1190,1191,21.77,0,service
1191,431,65.10,0,footway
1191,442,34.37,0,service
1191,1074,3.14,0,footway
1191,1190,21.77,0,service
1192,117,32.27,0,service
1192,945,86.19,0,service
1192,960,48.32,0,footway
1192,1712,5.78,0,footway
1193,874,6.63,0,footway
1193,918,3.73,0,footway
1193,1584,16.18,1,footway|steps
1194,379,17.50,0,footway
1194,1202,15.96,0,footway
1194,1497,14.34,0,footway
1195,69,31.94,0,path
1195,1173,39.18,0,footway
1195,1590,73.22,0,footway
1196,1067,10.30,0,footway
1196,1242,31.85,0,footway
1196,1544,51.24,0,footway
1196,1545,9.94,0,footway
1197,180,151.35,0,footway
1197,1198,14.85,0,footway
1197,1710,148.11,0,footway
1198,128,139.70,0,footway
1198,196,82.81,0,footway
1198,1071,14.47,0,footway
1198,1197,14.85,0,footway
1199,1071,7.58,0,footway
1199,1200,4.77,0,footway
1199,1774,156.98,0,footway
1200,1165,46.93,0,footway
1200,1167,37.06,0,path
1200,1199,4.77,0,footway
1201,1202,3.10,0,footway
1202,1194,15.96,0,footway
1202,1201,3.10,0,footway
1202,1314,24.63,0,footway
1203,1445,9.25,0,footway
1204,519,19.60,0,service
1204,525,11.20,1,footway|steps
1204,598,68.47,0,service
1205,1206,11.40,0,footway
1205,1207,5.12,0,footway
1205,1210,7.36,0,footway
1206,215,36.35,0,footway
1206,1205,11.40,0,footway
1206,1207,6.40,0,footway
1207,786,25.06,0,footway
1207,1205,5.12,0,footway
1207,1206,6.40,0,footway
1208,263,10.42,1,footway|steps
1208,1209,12.64,0,footway
1208,1257,15.77,1,footway|steps
1208,1319,13.73,0,footway
1209,1208,12.64,0,footway
1209,1255,10.14,0,footway
1209,1257,16.90,1,footway|steps
1210,783,8.63,0,footway
1210,786,164.57,0,footway
1210,1205,7.36,0,footway
1211,1001,10.45,0,footway
1211,1002,14.84,0,footway
1211,1319,14.09,0,footway
1212,37,129.61,0,service
1212,42,19.99,0,service
1212,1877,103.55,0,service
1213,332,26.30,0,service
1213,1449,48.71,0,service
1214,19,5.60,0,secondary
1214,269,51.68,0,secondary
1214,1300,16.31,0,footway
1214,1806,32.64,0,footway
1215,15,22.15,0,secondary
1215,112,32.97,0,secondary
1215,1603,5.30,0,footway
1215,1604,4.34,0,footway
1216,1065,5.33,0,living_street
1217,17,5.18,0,service
1217,404,11.42,0,service
1217,1749,52.95,0,footway
1217,1774,41.91,0,footway
1218,188,4.69,0,living_street
1218,486,45.13,0,living_street
1218,1236,11.68,0,footway
1218,1772,24.14,1,footway|steps
1219,237,65.35,0,service
1219,946,8.45,0,footway
1219,949,12.73,0,service
1219,1310,16.44,0,footway
1220,450,39.01,0,service
1220,1221,13.84,0,service
1220,1269,24.11,0,service
1221,1015,68.56,0,residential|track
1221,1220,13.84,0,service
1221,1764,61.60,0,residential
1222,402,59.25,0,residential
1222,1764,18.06,0,residential
1223,1224,7.46,0,service
1223,1264,20.93,0,footway
1223,1265,79.70,0,path
1224,974,13.39,0,service
1224,976,18.48,0,service
1224,1223,7.46,0,service
1225,1009,38.38,0,footway
1225,1226,8.86,1,steps
1225,1234,40.78,1,footway|steps
1226,759,1.82,0,footway
1226,1225,8.86,1,steps
1226,1227,22.81,1,footway|steps
1227,498,7.69,0,service
1227,500,32.20,0,service
1227,1226,22.81,1,footway|steps
1228,964,11.26,0,footway
1228,1111,16.28,0,footway
1228,1229,9.97,0,footway
1229,964,20.47,0,footway
1229,1228,9.97,0,footway
1229,1953,17.64,1,footway|steps
1230,1234,6.08,1,steps
1230,1235,5.86,1,steps
1230,1953,13.28,0,footway
1231,1232,7.12,0,footway
1231,1233,82.33,0,footway
1231,1235,24.23,1,steps
1232,760,26.14,1,steps
1232,1231,7.12,0,footway
1232,1489,15.02,0,footway
1233,1231,82.33,0,footway
1234,1225,40.78,1,footway|steps
1234,1230,6.08,1,steps
1234,1235,9.87,0,footway
1235,1230,5.86,1,steps
1235,1231,24.23,1,steps
1235,1234,9.87,0,footway
1236,485,5.31,0,footway
1236,1008,10.44,0,footway
1236,1218,11.68,0,footway
1237,1005,13.09,0,footway
1237,1008,9.77,1,footway|steps
1237,1238,5.62,1,steps
1238,1007,13.18,0,footway
1238,1237,5.62,1,steps
1238,1239,24.37,0,footway
1239,891,27.10,0,footway
1239,1238,24.37,0,footway
1239,1240,16.00,0,footway
1240,191,40.12,0,living_street
1240,482,38.42,0,living_street
1240,1239,16.00,0,footway
1241,422,14.97,0,footway
1241,1279,4.54,0,service
1241,1281,13.34,0,footway
1241,1524,7.34,0,service
1242,1196,31.85,0,footway
1242,1248,38.04,0,footway
1242,1279,179.14,0,footway
1243,300,45.24,0,path
1243,313,49.01,0,path
1243,1244,89.99,0,path
1244,602,76.68,0,path
1244,1046,5.50,0,path
1244,1243,89.99,0,path
1245,140,24.81,0,service
1245,1246,12.69,0,service
1245,1555,6.52,0,service
1246,1245,12.69,0,service
1246,1247,16.07,0,service
1246,1503,8.81,0,footway
1247,1246,16.07,0,service
1248,326,71.15,0,footway
1248,709,11.87,1,footway|steps
1248,864,26.52,0,footway
1248,1242,38.04,0,footway
1249,390,31.16,0,living_street
1249,405,5.50,0,living_street
1249,406,20.97,1,footway|steps
1250,703,38.37,0,service
1250,1375,7.98,0,service
1250,1376,16.82,0,service
1251,430,12.83,0,footway
1251,1636,26.27,0,path
1251,1736,10.81,0,footway
1252,452,2.29,0,footway
1252,460,124.73,0,path|service
1252,1031,26.64,0,footway
1252,1735,1.34,0,footway
1253,35,16.86,0,service
1253,460,12.80,0,service
1253,522,4.67,0,footway
1254,138,9.61,0,service
1254,142,10.29,0,service
1254,348,31.96,0,service
1255,995,15.43,0,footway
1255,1209,10.14,0,footway
1255,1814,8.31,1,footway|steps
1256,261,23.21,1,footway|steps
1256,997,41.81,0,footway
1256,1000,28.22,0,footway
1256,1257,6.68,0,footway
1257,1208,15.77,1,footway|steps
1257,1209,16.90,1,footway|steps
1257,1256,6.68,0,footway
1257,1319,17.69,1,footway|steps
1258,259,1.52,0,footway
1258,262,29.00,0,footway
1258,764,2.44,0,footway
1259,541,389.33,0,footway
1259,1260,70.52,0,path
1259,1709,169.48,0,path
1260,305,115.06,0,track
1260,1259,70.52,0,path
1260,1709,139.18,0,track
1261,1185,15.47,0,path
1261,1651,35.41,0,path
1261,1652,40.40,0,path
1262,1263,43.71,0,path
1262,1651,19.25,0,path
1262,1652,18.44,0,path
1263,1262,43.71,0,path
1264,1223,20.93,0,footway
1265,1223,79.70,0,path
1266,166,22.93,1,footway|steps
1266,495,14.18,0,pedestrian
1266,973,5.33,0,pedestrian
1267,978,14.42,1,steps
1267,980,32.37,0,footway
1267,1495,14.28,0,footway
1268,162,7.85,1,steps
1268,1494,5.94,0,footway
1268,1495,25.41,0,footway
1269,1220,24.11,0,service
1270,1271,15.68,0,footway
1271,1270,15.68,0,footway
1271,1502,42.81,0,path
1271,1841,15.36,1,footway|steps
1272,1065,17.45,0,footway
1272,1273,19.43,0,path
1272,1594,14.14,0,footway
1273,492,29.80,0,living_street
1273,1065,16.01,0,living_street
1273,1272,19.43,0,path
1274,1766,80.19,0,track
1275,835,7.33,0,footway
1276,1515,1.76,0,footway
1277,60,87.06,0,service
1277,1064,67.66,0,footway
1277,1278,75.47,0,footway
1278,1277,75.47,0,footway
1279,1241,4.54,0,service
1279,1242,179.14,0,footway
1279,1280,11.48,0,service
1280,160,25.59,0,footway
1280,325,45.82,0,service
1280,1279,11.48,0,service
1281,327,68.75,0,footway
1281,1241,13.34,0,footway
1281,1525,16.38,0,footway
1282,200,15.22,0,service
1282,422,13.83,0,service
1282,1525,10.44,0,service
1283,290,35.49,0,footway
1283,296,4.09,0,residential
1283,1284,7.65,0,residential
1284,288,28.73,0,footway
1284,298,11.33,0,residential
1284,1283,7.65,0,residential
1285,291,18.00,0,living_street
1286,299,23.77,0,pedestrian
1286,992,8.33,0,pedestrian
1286,1287,9.87,0,footway
1287,991,2.10,0,footway
1287,1286,9.87,0,footway
1287,1288,23.19,0,footway
1288,299,21.39,0,footway
1288,991,36.16,0,footway
1288,1287,23.19,0,footway
1289,1295,37.90,0,path
1289,1296,7.26,0,service
1289,1939,39.92,0,service
1290,245,13.99,0,footway
1290,248,12.68,0,footway
1290,1025,4.76,0,footway
1290,1648,41.47,1,footway|steps
1291,243,14.88,0,footway
1291,244,15.28,0,footway
1291,1024,4.77,0,footway
1291,1639,19.79,1,footway|steps
1292,2,11.97,0,residential
1292,242,33.56,0,residential
1292,285,11.87,0,footway
1293,277,43.47,0,footway
1293,278,9.98,1,footway|steps
1293,280,21.24,1,footway|steps
1294,238,14.26,0,footway
1294,1295,54.99,0,footway
1294,1899,48.95,0,path
1295,1142,32.62,0,path
1295,1289,37.90,0,path
1295,1294,54.99,0,footway
1295,1296,39.16,0,footway
1296,31,15.27,0,service
1296,1289,7.26,0,service
1296,1295,39.16,0,footway
1297,2,45.27,0,footway
1297,242,5.12,0,footway
1297,1023,9.28,0,footway
1297,1618,69.70,0,footway
1298,3,9.94,0,residential
1298,242,62.13,0,residential
1298,1899,54.94,0,path
1299,30,21.72,0,service
1299,31,45.22,0,service
1299,1145,45.09,0,path
1300,3,43.89,0,residential
1300,19,9.11,0,residential
1300,1214,16.31,0,footway
1300,1614,4.83,0,footway
1301,24,4.08,0,living_street
1301,29,18.73,0,living_street
1301,1800,118.58,0,track
1302,19,6.49,0,secondary
1302,20,151.02,0,secondary
1302,1614,9.87,0,footway
1302,1805,8.60,0,footway|path
1303,488,54.48,0,secondary
1303,1047,14.87,0,secondary
1304,542,50.19,0,footway
1304,793,5.67,0,footway
1304,796,32.69,0,footway
1305,1602,22.82,0,footway
1305,1728,43.79,0,footway
1305,1729,30.13,0,footway
1306,127,19.82,0,path
1307,214,94.36,0,footway
1307,1742,38.82,0,path
1307,1924,21.08,0,footway
1308,417,26.88,0,path
1308,1309,41.05,0,path
1308,1359,17.91,0,path
1309,409,46.28,0,path
1309,410,41.41,0,path
1309,1308,41.05,0,path
1310,1219,16.44,0,footway
1310,1391,5.17,0,footway
1310,1714,70.39,0,footway
1311,55,48.31,0,secondary
1312,55,264.95,0,secondary
1312,1049,1.92,0,secondary
1312,1050,8.53,0,footway
1312,1592,6.64,0,footway
1313,45,2.48,0,service
1313,46,27.33,0,service
1313,1589,20.80,0,service
1314,716,10.63,0,footway
1314,1202,24.63,0,footway
1314,1501,38.35,0,footway
1315,781,4.58,0,living_street
1315,782,28.69,0,living_street
1315,785,57.89,0,footway
1316,264,22.59,0,service
1316,597,7.16,0,service
1316,781,71.82,0,footway|living_street
1317,255,46.77,0,living_street
1317,264,8.17,0,living_street
1317,998,16.97,0,footway
1318,998,14.10,0,footway
1319,1208,13.73,0,footway
1319,1211,14.09,0,footway
1319,1257,17.69,1,footway|steps
1320,247,19.54,0,living_street
1320,258,54.60,0,living_street
1320,778,62.88,0,track
1321,213,23.14,0,footway
1321,214,34.91,0,footway
1321,1631,15.79,0,footway
1322,1419,27.12,0,service
1323,27,41.82,0,service
1323,330,89.41,0,secondary|unclassified
1323,1575,3.50,0,secondary
1324,96,23.43,0,service
1324,233,13.87,0,service
1324,1415,4.89,0,footway
1325,589,10.91,0,service
1325,1076,8.74,0,service
1325,1077,7.92,0,footway
1326,321,36.63,0,service
1327,314,31.74,0,footway
1328,99,45.66,0,residential
1328,102,91.85,0,residential
1328,1164,170.44,0,path
1329,988,15.56,1,footway|steps
1330,989,19.21,1,footway|steps
1331,102,29.95,0,footway
1332,1911,74.28,0,service
1333,227,11.72,0,footway
1333,230,42.31,0,footway
1333,556,29.34,1,footway|steps
1333,1940,16.93,0,footway
1334,227,5.57,0,footway
1334,755,10.11,0,footway
1334,1940,16.65,0,footway
1335,227,8.94,0,footway
1335,755,8.40,0,footway
1336,752,9.83,0,footway
1337,228,3.20,0,residential
1337,539,10.73,0,residential
1337,1918,96.66,0,service
1338,536,32.06,0,service
1338,1339,18.72,0,service
1338,1910,10.66,0,footway
1339,538,82.34,0,service
1339,1338,18.72,0,service
1339,1910,27.97,0,footway
1340,266,77.49,0,footway
1341,1342,6.17,0,footway
1342,268,22.35,0,footway
1342,270,5.16,0,footway
1342,1341,6.17,0,footway
1343,270,42.78,0,footway
1343,1344,40.29,0,footway|service
1344,29,28.99,0,service
1344,1343,40.29,0,footway|service
1345,25,13.75,0,service
1345,456,17.35,0,service
1346,271,10.39,0,footway
1346,1056,4.60,0,service
1346,1355,16.63,0,service
1347,274,14.66,0,footway
1348,271,20.11,0,footway
1349,1057,36.54,0,footway
1349,1351,11.53,0,footway
1349,1907,20.11,0,footway
1350,1351,19.28,0,footway
1351,1349,11.53,0,footway
1351,1350,19.28,0,footway
1351,1352,4.75,0,footway
1352,1159,46.79,0,footway
1352,1351,4.75,0,footway
1352,1354,3.97,0,footway
1353,1354,3.39,0,footway
1354,465,57.82,0,footway|service
1354,1352,3.97,0,footway
1354,1353,3.39,0,footway
1355,25,50.41,0,service
1355,272,22.56,0,footway
1355,1346,16.63,0,service
1356,1159,1.32,0,footway
1356,1357,9.79,0,footway
1356,1900,11.40,0,footway
1357,1356,9.79,0,footway
1357,1874,5.13,0,footway
1357,1900,11.30,0,footway
1358,0,6.68,0,living_street
1358,214,14.65,0,footway
1358,1742,79.61,0,track
1359,1308,17.91,0,path
1359,1360,18.43,0,path
1359,1361,83.39,0,path
1360,1359,18.43,0,path
1361,409,31.81,0,path
1361,411,34.85,0,path
1361,417,27.43,0,path
1361,1359,83.39,0,path
1362,342,35.39,0,path
1363,1132,18.87,0,footway
1363,1365,5.94,0,footway
1363,1734,1.37,0,footway
1364,1365,6.05,0,footway
1365,1132,14.34,0,path
1365,1363,5.94,0,footway
1365,1364,6.05,0,footway
1366,1075,32.88,0,footway
1366,1927,39.37,0,service
1366,1945,4.33,0,service
1367,164,18.87,0,service
1367,1151,32.81,0,footway
1367,1381,15.80,0,service
1368,10,4.39,0,service
1368,198,60.12,1,footway|steps
1368,414,43.99,0,service
1369,1464,39.78,0,footway|path
1370,457,9.88,0,footway
1370,543,12.21,0,footway
1370,1954,290.74,0,footway
1371,1475,4.68,0,path
1371,1478,3.66,0,path
1371,1479,3.52,0,footway
1372,846,12.28,0,service
1372,847,6.24,0,service
1372,1837,4.76,0,footway
1373,528,11.62,0,footway
1373,529,12.92,0,footway
1373,702,66.54,0,footway
1374,527,42.04,0,footway
1374,1149,5.82,0,footway
1374,1632,43.42,0,path
1375,1250,7.98,0,service
1375,1470,3.99,0,service
1375,1810,4.17,0,service
1376,703,28.24,0,service
1376,853,7.55,0,service
1376,1250,16.82,0,service
1377,359,30.61,0,service
1377,363,14.21,0,service
1377,1945,3.64,0,service
1378,170,25.27,0,footway
1378,171,22.90,0,footway
1378,183,12.76,0,footway
1379,193,9.21,0,footway
1379,1153,8.13,1,steps
1379,1397,30.25,0,footway
1380,1757,18.11,0,footway
1381,1367,15.80,0,service
1381,1537,14.84,1,steps
1381,1539,20.57,0,service
1382,203,67.19,0,service
1382,332,9.00,0,service
1382,804,27.75,0,footway
1383,1385,37.78,0,service
1383,1421,17.40,0,service
1383,1677,4.63,0,service
1384,1677,33.25,0,service
1385,81,16.60,0,service
1385,1383,37.78,0,service
1385,1386,8.36,0,service
1386,1385,8.36,0,service
1386,1387,18.09,0,service
1386,1534,15.49,0,footway
1386,1863,5.63,0,footway
1387,1386,18.09,0,service
1388,928,98.94,1,footway|steps
1388,1453,79.21,1,footway|steps
1388,1861,34.72,0,footway
1389,1153,11.30,0,footway
1390,185,13.28,0,footway
1391,88,29.38,0,footway
1391,1310,5.17,0,footway
1391,1721,67.02,0,path
1392,1419,5.28,0,footway
1393,951,17.74,1,footway|steps
1393,952,10.46,0,pedestrian
1393,1559,11.94,0,pedestrian
1394,953,11.96,0,footway
1394,1395,5.35,1,footway|steps
1394,1403,11.05,0,footway
1395,1394,5.35,1,footway|steps
1396,193,12.65,0,pedestrian
1396,820,19.51,1,footway|steps
1396,1133,4.85,0,pedestrian
1397,814,4.14,0,footway
1397,1133,39.32,0,footway|path
1397,1379,30.25,0,footway
1398,201,7.11,0,footway
1398,1157,9.50,1,footway|steps
1398,1441,5.81,0,footway
1399,360,31.54,0,service
1399,1130,6.66,0,footway
1399,1432,3.51,0,footway
1400,954,25.65,0,pedestrian
1400,1130,31.83,0,pedestrian
1400,1402,20.97,0,footway
1401,811,30.97,0,footway|pedestrian
1401,1130,6.43,0,pedestrian
1401,1402,12.62,0,footway
1402,824,8.55,1,footway|steps
1402,1400,20.97,0,footway
1402,1401,12.62,0,footway
1403,1016,23.60,1,footway|steps
1403,1394,11.05,0,footway
1403,1404,4.03,0,footway
1404,1403,4.03,0,footway
1405,1457,4.17,0,footway
1406,491,15.32,0,footway
1406,493,7.25,0,footway
1406,1407,13.44,0,footway
1407,950,29.81,0,service
1407,1406,13.44,0,footway
1407,1420,9.26,0,footway
1408,936,12.79,0,footway
1409,1411,11.03,0,footway
1409,1412,24.49,0,footway
1409,1722,12.20,0,path
1410,1411,33.37,0,footway
1410,1453,5.87,0,footway
1410,1861,15.21,1,footway|steps
1411,805,4.81,0,footway
1411,1409,11.03,0,footway
1411,1410,33.37,0,footway
1411,1860,3.19,0,footway
1412,932,25.84,0,footway
1412,1409,24.49,0,footway
1412,1722,24.31,0,footway
1413,1451,2.16,0,footway
1414,803,9.01,0,footway
1414,1450,5.54,0,footway
1414,1451,1.46,1,footway|steps
1415,1324,4.89,0,footway
1415,1416,12.16,0,footway
1415,1450,24.67,0,footway
1416,1415,12.16,0,footway
1417,928,11.20,1,footway|steps
1417,1418,9.48,0,footway
1417,1452,23.81,0,footway
1418,1417,9.48,0,footway
1418,1453,12.70,1,footway|steps
1418,1722,27.65,0,footway
1419,82,30.83,0,service
1419,1322,27.12,0,service
1419,1392,5.28,0,footway
1420,491,7.10,0,footway
1420,936,30.83,1,footway|pedestrian|steps
1420,1407,9.26,0,footway
1421,931,101.87,0,footway|service
1421,1383,17.40,0,service
1421,1533,8.21,0,footway
1421,1673,9.60,0,footway
1422,80,8.63,0,service
1422,81,27.72,0,service
1422,935,9.93,0,service
1423,1718,19.94,1,footway|steps
1424,1171,6.12,0,service
1425,75,77.02,0,service
1425,1541,15.26,0,service
1426,863,10.46,1,steps
1426,1724,33.55,0,footway
1427,325,191.13,1,footway|service|steps
1427,1150,4.47,0,footway
1427,1428,8.85,0,service
1428,365,9.33,0,service
1428,862,37.51,0,footway
1428,1427,8.85,0,service
1429,939,14.92,0,footway
1429,941,10.22,1,footway|steps
1429,1150,13.30,1,footway|steps
1430,1138,64.21,1,footway|path|steps
1430,1919,42.61,0,path
1430,1951,13.58,0,path
1431,947,5.65,0,service
1432,1399,3.51,0,footway
1433,115,6.66,0,footway
1433,161,32.73,1,footway|steps
1433,960,30.01,0,footway
1434,563,19.31,0,service
1435,114,4.70,0,service
1435,533,17.85,0,service
1435,1436,6.67,0,service
1436,533,23.69,0,footway
1436,563,13.46,0,service
1436,1435,6.67,0,service
1436,1781,17.43,0,footway
1437,398,10.00,0,footway
1438,397,17.22,0,service
1438,592,26.20,0,service
1438,1784,3.21,0,footway
1438,1785,4.18,0,footway
1439,114,12.10,0,service
1439,395,4.10,0,service
1439,1781,2.99,0,footway
1439,1782,5.83,0,footway
1440,955,31.16,1,footway|steps
1440,1152,17.64,1,footway|steps
1440,1156,9.98,0,footway
1441,1398,5.81,0,footway
1442,39,52.15,0,service
1442,312,118.65,0,path|track
1442,1582,22.05,0,service
1443,1580,60.92,0,service
1443,1581,81.97,0,service
1443,1583,16.35,0,service
1444,341,58.29,0,path
1444,849,17.25,0,footway
1444,859,30.04,0,footway
1445,1083,12.41,0,footway
1445,1203,9.25,0,footway
1445,1701,50.47,1,footway|steps
1446,1703,15.79,0,footway
1447,1448,28.76,0,footway
1448,367,10.18,0,path
1448,1447,28.76,0,footway
1448,1950,24.22,0,path
1449,589,17.12,0,service
1449,1213,48.71,0,service
1450,96,15.36,0,footway
1450,1414,5.54,0,footway
1450,1415,24.67,0,footway
1451,803,10.58,0,footway
1451,1413,2.16,0,footway
1451,1414,1.46,1,footway|steps
1452,97,2.75,0,footway
1452,928,25.97,0,footway
1452,1417,23.81,0,footway
1453,1388,79.21,1,footway|steps
1453,1410,5.87,0,footway
1453,1418,12.70,1,footway|steps
1454,493,4.98,0,footway
1454,826,39.17,0,footway
1454,951,18.08,1,footway|steps
1455,813,1.52,0,footway
1455,954,8.85,0,footway
1455,1456,8.88,0,footway
1456,953,8.99,0,footway
1456,1455,8.88,0,footway
1456,1457,8.49,0,footway
1457,951,22.33,1,footway|steps
1457,1405,4.17,0,footway
1457,1456,8.49,0,footway
1458,1017,22.28,0,footway
1458,1127,3.02,0,footway
1458,1156,12.94,1,footway|steps
1459,1032,244.21,0,path
1459,1166,14.67,0,path
1459,1167,15.87,0,path
1460,126,26.24,0,service
1460,391,27.77,0,living_street|service
1460,917,44.53,0,path
1461,452,23.63,0,path
1462,429,19.54,0,footway
1462,430,6.72,0,footway
1462,1463,15.23,0,path
1462,1736,18.32,0,path
1463,430,13.94,0,footway
1463,1462,15.23,0,path
1463,1469,0.69,0,footway
1464,857,37.61,0,footway
1464,1369,39.78,0,footway|path
1464,1465,9.77,0,footway
1465,861,1.26,0,footway
1465,1464,9.77,0,footway
1465,1636,16.69,0,path
1466,457,57.39,0,footway
1466,458,7.59,0,footway
1466,1638,24.17,0,path
1467,458,19.59,0,footway
1467,516,124.15,0,service
1467,520,8.28,0,service
1467,1468,18.87,0,footway
1468,459,6.69,0,service
1468,519,31.30,0,service
1468,525,31.96,0,footway
1468,1467,18.87,0,footway
1469,429,30.12,0,footway
1469,1463,0.69,0,footway
1469,1634,59.80,0,footway
1470,846,22.83,0,service
1470,1375,3.99,0,service
1470,1471,56.46,0,footway
1470,1634,4.28,0,footway
1471,1470,56.46,0,footway
1471,1476,12.85,0,footway
1471,1480,28.04,0,footway
1472,1473,12.03,0,footway
1473,367,25.65,0,path
1473,1472,12.03,0,footway
1473,1474,3.63,0,path
1474,1473,3.63,0,path
1474,1475,3.65,0,path
1475,1371,4.68,0,path
1475,1474,3.65,0,path
1476,1471,12.85,0,footway
1476,1477,14.26,0,footway
1476,1478,9.14,0,path
1477,855,29.58,0,footway
1477,1476,14.26,0,footway
1477,1478,16.91,0,footway
1478,1371,3.66,0,path
1478,1476,9.14,0,path
1478,1477,16.91,0,footway
1478,1479,4.71,0,footway
1479,1371,3.52,0,footway
1479,1478,4.71,0,footway
1479,1836,48.13,0,footway
1480,6,4.63,0,footway
1480,855,28.52,0,footway
1480,1471,28.04,0,footway
1481,11,12.74,0,service
1481,414,32.11,0,service
1481,1482,7.42,0,path
1482,169,24.29,0,path
1482,170,27.13,0,path
1482,1481,7.42,0,path
1483,116,15.60,0,service
1483,1484,25.96,0,living_street
1483,1486,3.69,0,service
1484,199,18.49,0,footway
1484,1078,16.87,0,living_street
1484,1483,25.96,0,living_street
1485,1565,4.34,0,footway
1486,173,40.45,0,footway
1486,564,8.90,0,service
1486,1483,3.69,0,service
1487,117,69.56,0,pedestrian
1487,511,18.28,0,footway
1487,1562,13.14,0,pedestrian
1488,1099,14.69,1,footway|steps
1488,1118,8.97,0,footway
1488,1568,6.64,0,footway
1489,1232,15.02,0,footway
1490,408,21.58,1,footway|steps
1491,1117,4.81,1,steps
1491,1119,2.65,0,footway
1492,506,10.88,0,service
1493,503,7.08,0,service
1493,504,20.67,0,service
1493,507,82.72,0,service
1494,494,36.19,1,footway|steps
1494,1268,5.94,0,footway
1494,1519,15.61,0,footway
1495,166,5.21,0,footway
1495,1267,14.28,0,footway
1495,1268,25.41,0,footway
1496,370,20.20,1,footway|steps
1496,694,25.44,0,footway
1496,1844,4.47,0,footway
1497,371,15.59,1,footway|steps
1497,377,6.52,0,footway
1497,1194,14.34,0,footway
1498,126,25.85,1,footway|steps
1498,403,13.93,0,footway
1498,738,38.84,0,footway
1498,740,5.22,0,footway
1499,722,5.35,0,footway
1499,724,13.13,0,footway
1499,1656,14.91,0,footway
1499,1842,19.28,1,footway|steps
1500,742,7.02,0,footway
1500,749,2.42,0,footway
1500,1657,13.69,0,footway
1501,712,5.37,0,footway
1501,713,14.00,0,footway
1501,1314,38.35,0,footway
1502,125,6.27,0,service
1502,126,23.68,0,service
1502,1271,42.81,0,path
1503,154,3.80,0,footway
1503,393,34.77,0,footway
1503,1246,8.81,0,footway
1504,135,60.68,0,service
1505,389,38.10,1,footway|steps
1505,392,7.14,0,footway
1505,393,20.20,0,footway
1505,728,25.77,0,footway
1506,1845,3.92,0,footway
1507,391,32.57,0,living_street
1507,531,10.98,0,living_street
1507,1571,18.77,0,footway
1508,352,5.60,0,service
1509,393,28.85,0,footway
1510,744,11.52,0,footway
1511,603,38.63,0,footway
1511,616,1.07,0,footway
1511,917,13.29,0,footway
1511,1512,13.11,1,footway|steps
1512,623,2.45,0,footway
1512,918,12.21,1,footway|steps
1512,1511,13.11,1,footway|steps
1512,1513,1.12,0,footway
1513,1512,1.12,0,footway
1513,1821,5.08,0,footway
1513,1824,4.65,0,footway
1514,60,63.55,0,service
1514,61,13.62,0,service
1514,876,38.27,0,service
1515,59,61.10,0,footway|service
1515,67,15.97,0,footway
1515,1064,37.79,0,footway
1515,1276,1.76,0,footway
1516,56,53.58,0,footway
1516,57,8.40,0,service
1516,59,97.58,0,service
1517,1014,16.14,1,footway|steps
1518,977,26.26,0,footway
1519,981,5.26,1,footway|steps
1519,1013,7.57,0,footway
1519,1494,15.61,0,footway
1520,972,46.10,0,pedestrian
1520,973,5.31,0,pedestrian
1520,1521,5.24,0,footway
1521,1520,5.24,0,footway
1522,329,13.13,0,footway
1522,1524,29.11,0,footway
1522,1857,33.42,0,corridor|footway
1523,329,16.57,0,service
1523,422,8.37,0,service
1523,1524,11.50,0,service
1523,1934,31.41,0,footway
1524,1241,7.34,0,service
1524,1522,29.11,0,footway
1524,1523,11.50,0,service
1525,423,88.00,0,service
1525,1281,16.38,0,footway
1525,1282,10.44,0,service
1526,239,42.98,0,footway|service
1526,1027,32.36,0,footway
1526,1615,18.02,0,footway
1527,477,24.14,0,service
1527,478,27.15,0,service
1527,1875,98.70,0,service
1528,996,22.60,0,footway
1529,784,44.16,0,service
1529,996,34.37,0,footway|service
1529,1809,3.51,0,service
1530,787,7.71,0,service
1530,1809,4.80,0,service
1530,1870,17.54,0,service
1531,424,14.91,0,service
1532,198,51.37,0,path
1532,367,158.05,0,footway
1532,424,16.17,0,service
1533,1421,8.21,0,footway
1533,1674,12.44,0,footway
1533,1717,25.14,0,footway
1533,1718,24.99,0,footway
1534,81,8.54,1,footway|steps
1534,1386,15.49,0,footway
1534,1756,28.06,0,footway
1535,1755,11.13,1,steps
1536,14,26.10,0,service
1537,425,19.59,1,steps
1537,1381,14.84,1,steps
1537,1538,12.67,1,steps
1538,12,7.30,0,service
1538,1537,12.67,1,steps
1538,1928,20.12,0,path
1538,1929,79.85,0,service
1539,12,8.20,0,service
1539,1151,35.22,1,footway|steps
1539,1381,20.57,0,service
1540,10,26.13,0,footway
1540,176,34.43,0,footway
1540,447,30.26,0,path
1540,1765,36.99,0,path
1541,1425,15.26,0,service
1542,1543,9.52,0,service
1543,74,30.31,0,service
1543,1542,9.52,0,service
1543,1545,80.23,0,service
1544,864,4.69,1,steps
1544,1196,51.24,0,footway
1544,1733,46.65,0,footway
1545,903,75.05,0,service
1545,1068,48.53,0,footway
1545,1196,9.94,0,footway
1545,1543,80.23,0,service
1546,572,9.70,0,footway
1546,907,22.60,1,footway|steps
1546,1698,18.70,0,footway
1547,572,13.31,1,steps
1547,907,13.15,0,footway
1547,1930,9.83,1,steps
1548,115,68.46,0,pedestrian
1548,970,161.99,0,footway
1548,1168,6.49,0,pedestrian
1549,237,29.65,0,service
1550,432,3.13,0,service
1550,443,54.44,0,service
1550,1551,17.94,0,service
1551,1550,17.94,0,service
1552,568,4.58,0,footway
1552,571,15.08,0,footway
1552,1171,5.00,0,footway
1553,582,17.88,0,footway
1553,587,25.82,0,footway|service
1553,1694,46.08,0,path
1554,393,16.79,1,footway|steps
1554,580,40.23,0,footway
1554,894,4.37,0,footway
1555,144,18.72,0,service
1555,1245,6.52,0,service
1555,1557,49.70,0,service
1556,133,19.76,0,service
1556,136,17.39,0,service
1556,692,172.55,0,footway|service
1557,136,13.92,0,service
1557,144,15.92,0,service
1557,1555,49.70,0,service
1558,150,2.43,0,service
1558,680,36.66,0,service
1558,687,21.74,0,footway
1559,953,10.60,0,pedestrian
1559,1393,11.94,0,pedestrian
1559,1560,8.30,1,footway|steps
1560,1559,8.30,1,footway|steps
1561,1710,33.88,0,footway
1562,481,19.75,0,pedestrian
1562,1487,13.14,0,pedestrian
1562,1563,13.55,0,footway
1563,1562,13.55,0,footway
1564,1565,32.19,1,footway|steps
1565,1485,4.34,0,footway
1565,1564,32.19,1,footway|steps
1565,1712,7.04,0,footway
1566,1092,65.92,0,living_street
1566,1108,4.95,1,steps
1566,1953,65.32,0,living_street
1567,1089,6.92,0,footway
1567,1108,3.94,0,footway
1567,1110,3.75,0,footway
1568,1092,7.41,0,service
1568,1107,12.66,0,service
1568,1488,6.64,0,footway
1569,1096,27.54,1,footway|steps
1570,390,8.44,0,living_street
1570,643,33.91,0,living_street
1570,889,7.64,1,footway|steps
1571,1507,18.77,0,footway
1572,373,2.69,0,footway
1572,726,12.27,1,footway|steps
1572,1685,5.78,0,footway
1573,542,13.79,0,footway
1574,932,24.24,0,footway
1574,1719,22.25,0,footway
1574,1720,23.30,0,footway
1575,77,12.90,0,secondary
1575,223,17.91,1,footway|steps
1575,1323,3.50,0,secondary
1575,1673,130.54,0,footway
1576,1577,5.74,0,living_street
1576,1578,11.41,0,service
1576,1939,56.49,0,service
1577,282,132.47,0,footway
1577,291,145.99,0,living_street
1577,1576,5.74,0,living_street
1578,32,106.75,0,service
1578,1183,40.48,0,track
1578,1576,11.41,0,service
1579,36,11.68,0,secondary_link
1579,46,15.04,0,secondary_link
1579,875,3.29,0,secondary_link
1580,44,35.98,0,service
1580,1443,60.92,0,service
1580,1582,133.96,0,service
1581,1443,81.97,0,service
1581,1582,12.66,0,service
1581,1583,94.21,0,service
1582,1442,22.05,0,service
1582,1580,133.96,0,service
1582,1581,12.66,0,service
1583,1443,16.35,0,service
1583,1581,94.21,0,service
1583,1608,55.26,0,service
1584,641,2.83,0,footway
1584,914,0.66,0,footway
1584,1193,16.18,1,footway|steps
1585,1586,22.17,0,footway
1586,309,12.00,0,service
1586,310,10.92,0,service
1586,1585,22.17,0,footway
1587,62,24.41,0,footway|service
1587,492,107.95,0,footway|path
1587,1588,23.04,0,footway
1588,1587,23.04,0,footway
1589,36,22.78,0,service
1589,37,170.86,0,service
1589,1313,20.80,0,service
1590,70,12.52,0,footway
1590,354,6.74,0,footway
1590,1041,20.67,1,footway|steps
1590,1195,73.22,0,footway
1591,353,5.14,0,footway
1591,717,62.35,0,living_street
1591,901,64.16,0,footway
1592,207,175.59,1,footway|steps
1592,1312,6.64,0,footway
1592,1593,45.73,0,footway
1593,1592,45.73,0,footway
1594,898,35.96,0,footway
1594,1272,14.14,0,footway
1594,1595,32.03,0,path
1595,1594,32.03,0,path
1596,351,10.57,0,footway
1597,354,5.89,0,footway|path
1597,693,17.13,0,path
1597,1598,6.01,0,path
1598,1597,6.01,0,path
1599,155,6.13,0,path
1599,448,69.09,0,service
1599,565,12.21,0,service
1599,1067,62.69,0,path
1600,176,26.19,0,footway
1600,812,8.14,1,footway|steps
1600,1765,8.58,0,footway
1601,793,6.86,0,footway
1601,1602,1.75,0,footway
1601,1870,5.81,0,footway
1602,1305,22.82,0,footway
1602,1601,1.75,0,footway
1602,1729,24.66,0,footway
1603,1215,5.30,0,footway
1604,1215,4.34,0,footway
1605,287,8.56,0,footway
1605,288,12.32,0,footway
1605,790,6.14,0,footway
1606,287,13.56,0,footway
1606,789,6.95,0,footway
1606,1607,11.68,0,footway
1607,286,22.07,0,footway
1607,788,4.88,0,footway
1607,1606,11.68,0,footway
1608,1583,55.26,0,service
1609,2,3.80,0,footway
1609,1610,6.39,0,footway
1609,1612,2.34,0,footway
1610,1609,6.39,0,footway
1610,1611,9.94,0,footway
1610,1613,6.73,0,footway
1611,993,16.20,0,service
1611,994,5.09,0,service
1611,1610,9.94,0,footway
1611,1649,8.92,0,footway|path
1612,1609,2.34,0,footway
1613,1610,6.73,0,footway
1614,1300,4.83,0,footway
1614,1302,9.87,0,footway
1614,1615,6.13,0,footway
1615,1526,18.02,0,footway
1615,1614,6.13,0,footway
1615,1616,31.12,0,footway
1616,1615,31.12,0,footway
1616,1617,2.00,0,footway
1616,1618,6.75,0,footway
1617,1616,2.00,0,footway
1618,3,5.58,0,service
1618,239,16.19,0,service
1618,1297,69.70,0,footway
1618,1616,6.75,0,footway
1619,643,39.24,0,footway
1619,651,25.30,0,footway
1619,1620,40.92,0,footway
1620,867,9.95,0,footway
1620,1619,40.92,0,footway
1620,1820,17.60,0,footway
1621,729,26.57,1,footway|steps
1621,879,35.28,0,footway
1621,906,7.40,0,footway
1622,20,35.00,0,living_street
1622,24,8.08,0,living_street
1622,212,12.33,0,footway
1622,213,44.12,0,footway
1623,466,73.57,0,footway
1623,467,11.23,0,footway
1623,755,18.40,0,footway
1624,158,14.49,0,footway
1624,159,13.27,0,footway
1624,706,2.97,0,footway
1625,175,49.94,0,footway
1625,570,30.23,0,footway
1625,707,2.05,0,footway
1626,949,5.82,0,footway
1626,1715,2.13,0,footway
1626,1716,72.22,0,footway
1627,836,5.52,0,footway
1627,838,23.92,0,footway
1627,884,21.58,0,footway
1628,566,4.57,0,footway
1628,903,34.34,0,footway
1628,1068,61.82,0,path
1629,224,8.11,0,footway
1629,792,35.31,0,footway
1629,1630,94.73,0,footway
1630,225,30.60,0,footway
1630,466,5.08,0,footway
1630,1629,94.73,0,footway
1631,1321,15.79,0,footway
1632,5,46.40,1,footway|steps
1632,528,6.46,1,steps
1632,1374,43.42,0,path
1632,1633,22.15,0,path
1633,529,3.38,0,footway
1633,1632,22.15,0,path
1633,1810,42.54,0,footway
1634,1469,59.80,0,footway
1634,1470,4.28,0,footway
1634,1810,4.28,0,footway
1635,430,11.78,0,footway
1635,860,17.58,1,footway|steps
1635,1636,9.74,0,path
1636,1251,26.27,0,path
1636,1465,16.69,0,path
1636,1635,9.74,0,path
1637,457,38.83,1,footway|steps
1637,1638,62.00,0,path
1637,1870,114.58,1,footway|steps
1638,1466,24.17,0,path
1638,1637,62.00,0,path
1638,1838,42.15,0,footway|path
1639,241,15.31,0,footway
1639,1023,5.06,0,footway
1639,1291,19.79,1,footway|steps
1640,763,2.07,0,footway
1640,1641,3.77,0,footway
1640,1646,3.46,0,footway
1641,1640,3.77,0,footway
1642,1643,5.41,0,footway
1643,1642,5.41,0,footway
1643,1646,9.04,0,footway
1643,1731,17.58,0,footway
1644,1645,3.17,0,footway
1644,1646,4.97,0,footway
1644,1647,11.67,0,footway
1645,1644,3.17,0,footway
1646,1640,3.46,0,footway
1646,1643,9.04,0,footway
1646,1644,4.97,0,footway
1647,1644,11.67,0,footway
1648,251,14.22,0,footway
1648,762,9.51,0,footway
1648,765,9.47,0,footway
1648,1290,41.47,1,footway|steps
1649,290,88.63,1,footway|steps
1649,1611,8.92,0,footway|path
1649,1650,12.75,0,path
1650,1649,12.75,0,path
1651,1184,50.34,0,path
1651,1261,35.41,0,path
1651,1262,19.25,0,path
1651,1652,14.75,0,path
1652,1261,40.40,0,path
1652,1262,18.44,0,path
1652,1651,14.75,0,path
1653,1654,10.81,0,path
1654,307,63.26,0,track
1654,1182,48.59,0,track
1654,1653,10.81,0,path
1655,72,20.47,0,living_street|track
1656,394,9.09,0,footway
1656,743,12.81,0,footway
1656,1499,14.91,0,footway
1657,722,15.40,0,footway
1657,750,2.50,0,footway
1657,1500,13.69,0,footway
1657,1842,8.21,0,footway
1658,326,50.64,0,footway
1658,1659,17.85,0,footway
1658,1662,9.75,0,footway
1659,1658,17.85,0,footway
1659,1660,20.09,0,footway
1659,1727,37.85,0,footway
1660,355,6.68,0,footway
1660,1659,20.09,0,footway
1660,1661,22.46,0,footway
1661,1660,22.46,0,footway
1661,1662,7.12,1,steps
1661,1663,0.85,0,footway
1662,708,6.15,0,footway
1662,1658,9.75,0,footway
1662,1661,7.12,1,steps
1663,326,17.78,0,footway
1663,761,1.97,0,footway
1663,1661,0.85,0,footway
1664,710,2.65,0,footway
1664,864,28.60,0,footway
1664,1733,11.60,0,footway
1665,898,11.33,0,footway
1666,899,6.60,0,footway
1667,714,10.42,0,living_street
1667,717,16.58,0,living_street
1667,775,6.83,0,footway
1668,1047,12.41,0,footway
1669,1047,14.26,0,footway
1669,1789,7.86,0,footway
1670,534,7.23,0,footway
1671,1027,26.74,0,footway
1672,247,44.27,0,footway
1672,578,17.54,0,footway
1672,1028,8.17,1,steps
1673,1421,9.60,0,footway
1673,1575,130.54,0,footway
1673,1674,16.27,0,footway
1673,1677,20.84,0,footway
1674,1533,12.44,0,footway
1674,1673,16.27,0,footway
1674,1720,57.92,0,footway
1675,80,4.28,0,footway
1675,1755,63.38,0,footway
1675,1758,34.85,0,footway
1676,80,5.34,0,footway
1677,1383,4.63,0,service
1677,1384,33.25,0,service
1677,1673,20.84,0,footway
1677,1759,34.42,0,footway
1678,1680,5.14,0,footway
1679,1681,2.84,0,footway
1680,101,55.64,0,residential
1680,112,7.14,0,residential
1680,1678,5.14,0,footway
1680,1681,15.05,0,footway
1681,101,57.31,0,residential
1681,113,8.18,0,residential
1681,1679,2.84,0,footway
1681,1680,15.05,0,footway
1682,649,8.19,1,footway|steps
1682,655,5.98,0,service
1682,663,32.35,0,service
1683,655,3.97,0,footway
1684,725,3.20,0,footway
1684,1842,6.19,0,footway
1684,1843,9.31,0,footway
1685,772,4.54,0,footway
1685,921,16.26,0,footway
1685,1572,5.78,0,footway
1686,389,1.79,0,footway
1687,772,1.90,0,footway
1688,1691,38.72,0,path
1689,207,577.02,0,path
1689,1041,15.42,1,path|steps
1689,1068,263.83,0,footway|path
1690,1041,51.51,0,path
1691,1044,26.09,0,path
1691,1045,108.51,0,path
1691,1688,38.72,0,path
1692,585,20.19,0,footway
1692,588,12.83,0,footway
1692,1693,8.15,0,path
1693,895,11.29,0,path
1693,1692,8.15,0,path
1693,1694,29.50,0,path
1694,1553,46.08,0,path
1694,1693,29.50,0,path
1694,1695,6.51,0,path
1695,582,19.45,0,footway
1695,585,21.94,0,footway
1695,1694,6.51,0,path
1696,1184,19.29,0,path
1697,182,84.21,0,footway
1697,571,44.34,0,footway|pedestrian
1697,1931,31.99,0,footway
1698,1546,18.70,0,footway
1699,1083,37.25,1,footway|steps
1699,1700,40.41,0,footway
1699,1706,4.92,0,footway
1700,1081,57.00,0,footway
1700,1699,40.41,0,footway
1700,1701,21.43,1,footway|steps
1701,1445,50.47,1,footway|steps
1701,1700,21.43,1,footway|steps
1701,1702,18.38,0,footway
1702,1701,18.38,0,footway
1703,1082,8.64,0,footway
1703,1446,15.79,0,footway
1703,1704,10.44,0,footway
1704,600,11.28,0,footway
1704,1081,80.38,0,footway
1704,1703,10.44,0,footway
1705,1084,123.81,0,track
1706,35,3.71,0,track
1706,515,91.38,0,track
1706,522,18.45,0,footway
1706,1699,4.92,0,footway
1707,1034,28.73,1,footway|steps
1707,1860,5.43,0,footway
1707,1862,9.98,1,footway|steps
1708,1862,0.92,1,steps
1709,1259,169.48,0,path
1709,1260,139.18,0,track
1710,1197,148.11,0,footway
1710,1561,33.88,0,footway
1710,1711,5.02,0,footway
1711,944,10.59,0,footway
1711,947,4.75,0,footway
1711,1710,5.02,0,footway
1712,179,83.89,0,footway
1712,1192,5.78,0,footway
1712,1565,7.04,0,footway
1712,1713,22.44,0,footway
1713,1712,22.44,0,footway
1714,1310,70.39,0,footway
1714,1716,10.49,0,footway|pedestrian
1714,1721,6.14,0,footway
1715,1626,2.13,0,footway
1716,933,29.48,0,footway
1716,934,15.70,0,pedestrian
1716,1626,72.22,0,footway
1716,1714,10.49,0,footway|pedestrian
1717,933,77.38,0,footway
1717,1533,25.14,0,footway
1717,1718,7.43,1,footway|steps
1718,1423,19.94,1,footway|steps
1718,1533,24.99,0,footway
1718,1717,7.43,1,footway|steps
1719,1034,5.45,0,footway
1719,1574,22.25,0,footway
1719,1720,22.60,0,footway
1720,1574,23.30,0,footway
1720,1674,57.92,0,footway
1720,1719,22.60,0,footway
1721,87,44.70,0,footway
1721,1391,67.02,0,path
1721,1714,6.14,0,footway
1722,82,5.26,0,path
1722,1409,12.20,0,path
1722,1412,24.31,0,footway
1722,1418,27.65,0,footway
1723,1724,9.57,0,footway
1724,424,100.77,0,service
1724,1189,12.06,0,service
1724,1426,33.55,0,footway
1724,1723,9.57,0,footway
1725,1069,48.25,0,service
1725,1726,20.24,0,footway
1725,1942,21.64,0,footway
1725,1943,16.96,0,service
1726,365,79.28,1,footway|steps
1726,462,22.96,1,steps
1726,1725,20.24,0,footway
1727,1659,37.85,0,footway
1728,1305,43.79,0,footway
1729,787,5.20,0,footway
1729,1305,30.13,0,footway
1729,1602,24.66,0,footway
1729,1813,57.50,0,footway
1730,251,47.31,0,footway
1731,251,42.25,0,footway
1731,1643,17.58,0,footway
1731,1732,12.64,0,footway
1732,250,51.37,0,living_street
1732,289,40.00,0,living_street
1732,1731,12.64,0,footway
1733,355,10.38,0,footway
1733,1544,46.65,0,footway
1733,1664,11.60,0,footway
1734,34,83.20,0,footway|path
1734,598,7.73,0,footway
1734,1363,1.37,0,footway
1735,429,20.03,0,footway
1735,1252,1.34,0,footway
1735,1736,4.47,0,footway
1736,1251,10.81,0,footway
1736,1462,18.32,0,path
1736,1735,4.47,0,footway
1737,342,665.99,0,path
1738,600,73.66,0,footway
1739,1740,11.45,0,footway
1739,1742,25.61,0,footway|path
1740,1739,11.45,0,footway
1740,1741,15.72,0,footway
1741,1740,15.72,0,footway
1742,315,35.94,0,track
1742,1307,38.82,0,path
1742,1358,79.61,0,track
1742,1739,25.61,0,footway|path
1743,984,5.96,0,footway
1743,1744,17.49,0,path
1743,1745,20.34,0,footway
1744,983,2.21,0,footway
1744,984,13.05,1,footway|steps
1744,1743,17.49,0,path
1745,1743,20.34,0,footway
1745,1746,16.89,0,path
1745,1747,40.04,0,footway
1746,1745,16.89,0,path
1747,496,24.56,0,footway
1747,497,106.68,0,footway
1747,1745,40.04,0,footway
1748,1749,3.34,0,footway
1749,496,4.88,0,footway
1749,1217,52.95,0,footway
1749,1748,3.34,0,footway
1750,119,20.11,0,service
1750,190,20.19,0,footway
1750,201,108.65,0,footway
1751,164,31.17,0,footway
1751,425,47.52,0,footway
1751,1946,36.74,0,footway
1752,551,71.47,0,footway
1752,839,17.87,0,service
1752,840,4.41,0,service
1752,1753,27.85,0,footway
1753,1152,101.25,1,footway|steps
1753,1752,27.85,0,footway
1753,1754,39.82,0,footway
1754,14,3.46,0,service
1754,840,70.57,0,service
1754,1753,39.82,0,footway
1754,1755,4.10,0,footway
1755,1535,11.13,1,steps
1755,1675,63.38,0,footway
1755,1754,4.10,0,footway
1756,935,4.71,0,footway
1756,1534,28.06,0,footway
1756,1757,21.19,0,footway
1757,490,6.53,1,steps
1757,1380,18.11,0,footway
1757,1756,21.19,0,footway
1758,81,3.38,0,footway
1758,1675,34.85,0,footway
1758,1759,22.78,0,footway
1759,1158,53.23,0,footway
1759,1677,34.42,0,footway
1759,1758,22.78,0,footway
1760,1761,18.63,0,footway
1761,899,12.92,0,footway
1761,901,26.94,0,footway
1761,1760,18.63,0,footway
1762,1051,4.69,1,steps
1763,1137,156.39,0,footway
1764,497,44.27,0,service
1764,1221,61.60,0,residential
1764,1222,18.06,0,residential
1765,195,19.48,0,footway
1765,1540,36.99,0,path
1765,1600,8.58,0,footway
1766,300,22.62,0,track
1766,1274,80.19,0,track
1766,1767,16.16,0,path
1767,603,49.36,0,footway|path
1767,1766,16.16,0,path
1767,1768,6.38,0,path
1768,300,16.12,0,living_street
1768,605,16.82,0,living_street
1768,1767,6.38,0,path
1769,343,28.76,1,footway|steps
1769,345,21.66,0,footway
1769,1006,5.46,0,footway
1770,1005,14.89,1,footway|steps
1770,1006,16.59,1,steps
1770,1776,8.88,0,footway
1771,347,5.56,0,living_street
1771,486,35.68,0,living_street
1771,1776,34.05,0,footway
1772,1218,24.14,1,footway|steps
1772,1775,12.24,1,footway|steps
1772,1778,14.84,1,footway|steps
1773,17,40.22,0,residential
1773,143,4.58,0,residential
1773,984,14.02,0,footway
1773,1774,5.12,0,footway
1774,1199,156.98,0,footway
1774,1217,41.91,0,footway
1774,1773,5.12,0,footway
1775,174,50.96,0,footway
1775,963,22.91,0,footway
1775,1772,12.24,1,footway|steps
1776,1008,29.43,1,footway|steps
1776,1770,8.88,0,footway
1776,1771,34.05,0,footway
1777,560,79.02,0,path
1778,168,45.08,0,footway
1778,1772,14.84,1,footway|steps
1778,1779,19.94,0,footway
1779,344,45.33,0,footway
1779,962,19.53,0,footway
1779,1778,19.94,0,footway
1780,184,22.85,0,footway
1780,533,2.78,0,footway
1780,1786,13.94,0,footway
1781,1436,17.43,0,footway
1781,1439,2.99,0,footway
1781,1788,11.62,0,footway
1782,1439,5.83,0,footway
1783,592,4.79,0,footway
1784,1438,3.21,0,footway
1785,1438,4.18,0,footway
1786,1780,13.94,0,footway
1787,1788,2.25,0,footway
1788,395,8.22,0,service
1788,435,114.77,0,service
1788,1781,11.62,0,footway
1788,1787,2.25,0,footway
1789,1669,7.86,0,footway
1790,318,14.32,0,path
1790,420,61.36,0,path
1791,689,1.59,0,footway
1791,690,6.15,0,footway
1791,1793,3.59,0,footway
1792,1793,3.31,0,footway
1793,687,2.68,0,footway
1793,1791,3.59,0,footway
1793,1792,3.31,0,footway
1794,1795,26.40,0,footway
1795,269,6.63,0,footway
1795,1794,26.40,0,footway
1795,1799,18.56,0,footway
1795,1806,26.83,0,footway
1796,1797,33.73,0,path
1796,1799,47.01,0,path
1796,1805,9.11,0,path
1797,1055,17.14,0,track
1797,1796,33.73,0,path
1797,1798,14.20,0,path
1797,1800,31.81,0,track
1797,1802,13.43,0,path
1798,270,37.14,0,footway
1798,1797,14.20,0,path
1798,1802,11.51,0,footway
1799,1055,2.58,0,footway
1799,1795,18.56,0,footway
1799,1796,47.01,0,path
1800,1301,118.58,0,track
1800,1797,31.81,0,track
1800,1801,34.29,0,path
1801,1800,34.29,0,path
1802,1055,6.55,0,footway
1802,1797,13.43,0,path
1802,1798,11.51,0,footway
1802,1803,30.35,0,path
1803,454,69.95,0,path
1803,1802,30.35,0,path
1803,1804,70.52,0,path
1804,453,25.06,0,footway
1804,454,59.63,0,footway
1804,1803,70.52,0,path
1805,1302,8.60,0,footway|path
1805,1796,9.11,0,path
1805,1806,34.23,0,path
1806,1214,32.64,0,footway
1806,1795,26.83,0,footway
1806,1805,34.23,0,path
1807,475,66.59,0,living_street|path
1808,1809,4.04,0,footway
1809,787,10.61,0,footway
1809,1529,3.51,0,service
1809,1530,4.80,0,service
1809,1808,4.04,0,footway
1810,5,111.86,0,service
1810,1375,4.17,0,service
1810,1633,42.54,0,footway
1810,1634,4.28,0,footway
1811,546,12.13,0,footway
1812,1813,11.52,0,footway
1813,786,84.79,0,footway
1813,1729,57.50,0,footway
1813,1812,11.52,0,footway
1814,995,18.79,0,footway
1814,1255,8.31,1,footway|steps
1814,1864,27.73,0,footway
1815,256,28.11,0,living_street
1815,289,9.57,0,residential
1815,296,49.14,0,residential
1816,43,40.24,0,service
1816,48,5.57,0,service
1816,1817,20.22,0,footway
1816,1819,17.62,0,footway
1817,43,111.24,0,service
1817,44,3.75,0,service
1817,53,55.88,0,footway
1817,1816,20.22,0,footway
1818,1819,3.67,0,footway
1819,45,8.18,0,service
1819,833,42.29,0,service
1819,1816,17.62,0,footway
1819,1818,3.67,0,footway
1820,1620,17.60,0,footway
1821,618,4.57,0,footway
1821,1513,5.08,0,footway
1821,1822,6.43,0,path
1821,1824,7.19,0,path
1822,616,5.82,0,footway
1822,618,4.22,0,footway
1822,1821,6.43,0,path
1822,1823,8.72,0,path
1823,608,4.99,0,footway
1823,616,6.60,0,footway
1823,1822,8.72,0,path
1824,406,5.72,0,footway
1824,1513,4.65,0,footway
1824,1821,7.19,0,path
1824,1825,6.38,0,path
1825,406,3.96,0,footway
1825,918,5.77,0,footway
1825,1824,6.38,0,path
1826,328,176.47,0,secondary
1826,1827,89.00,0,secondary
1827,22,25.86,0,secondary
1827,1826,89.00,0,secondary
1828,550,73.18,0,footway
1829,308,143.95,0,track
1830,308,20.74,0,track
1830,1831,39.23,0,track
1830,1832,60.25,0,track
1831,307,57.34,0,track
1831,1830,39.23,0,track
1831,1833,68.42,0,track
1832,1830,60.25,0,track
1832,1833,64.17,0,track
1832,1835,37.32,0,track
1833,1831,68.42,0,track
1833,1832,64.17,0,track
1833,1834,50.04,0,track
1833,1938,27.82,0,track
1834,1183,246.45,0,track
1834,1833,50.04,0,track
1835,1832,37.32,0,track
1836,700,2.52,0,footway
1836,1479,48.13,0,footway
1836,1837,6.73,0,footway
1837,701,2.72,0,footway
1837,1372,4.76,0,footway
1837,1836,6.73,0,footway
1838,4,8.90,0,residential
1838,15,104.68,0,residential
1838,546,6.84,0,footway
1838,1638,42.15,0,footway|path
1839,1185,17.47,0,path
1839,1952,19.32,0,path
1840,293,20.59,0,footway
1841,403,39.64,0,footway
1841,892,6.22,0,footway
1841,1271,15.36,1,footway|steps
1842,1499,19.28,1,footway|steps
1842,1657,8.21,0,footway
1842,1684,6.19,0,footway
1843,392,28.51,1,footway|steps
1843,726,29.86,0,footway
1843,1684,9.31,0,footway
1844,720,2.99,0,footway
1844,729,82.72,0,footway
1844,1496,4.47,0,footway
1845,154,40.79,0,footway
1845,1506,3.92,0,footway
1845,1846,7.09,1,footway|steps
1846,1845,7.09,1,footway|steps
1847,1849,8.47,0,footway
1848,1849,9.27,0,footway
1848,1850,18.85,0,footway
1849,1847,8.47,0,footway
1849,1848,9.27,0,footway
1850,71,239.12,0,living_street
1850,1848,18.85,0,footway
1851,1852,3.25,0,footway
1852,39,5.06,0,service
1852,42,116.11,0,service
1852,1851,3.25,0,footway
1852,1854,19.21,0,footway
1853,1877,14.24,0,footway
1854,41,5.56,0,service
1854,42,100.77,0,service
1854,1852,19.21,0,footway
1854,1877,18.06,0,footway
1855,559,82.22,0,path
1856,1857,32.28,0,footway
1856,1941,3.77,0,footway
1857,1522,33.42,0,corridor|footway
1857,1856,32.28,0,footway
1858,910,6.19,0,service
1858,911,14.90,0,tertiary
1858,913,76.06,0,secondary|tertiary
1859,210,105.96,0,path
1860,1411,3.19,0,footway
1860,1707,5.43,0,footway
1860,1861,35.73,0,footway
1861,1388,34.72,0,footway
1861,1410,15.21,1,footway|steps
1861,1860,35.73,0,footway
1862,931,17.74,0,footway
1862,1707,9.98,1,footway|steps
1862,1708,0.92,1,steps
1863,1386,5.63,0,footway
1863,1879,2.52,0,footway
1863,1880,16.33,0,footway
1864,828,11.60,0,footway
1864,1000,12.46,0,footway
1864,1814,27.73,0,footway
1865,216,21.30,0,service
1865,217,40.78,0,service
1865,265,41.38,0,footway
1866,283,19.89,0,footway
1866,286,7.23,0,footway
1866,1867,8.69,1,footway|steps
1867,1866,8.69,1,footway|steps
1868,224,31.17,0,path
1868,316,120.65,0,path
1868,1869,11.79,0,path
1869,218,24.15,0,footway
1869,796,5.15,0,footway
1869,1868,11.79,0,path
1870,751,7.09,0,service
1870,1530,17.54,0,service
1870,1601,5.81,0,footway
1870,1637,114.58,1,footway|steps
1871,958,35.93,0,footway
1872,1873,3.87,0,footway
1873,141,12.53,0,service
1873,408,121.33,0,service
1873,487,55.70,0,footway
1873,1872,3.87,0,footway
1874,274,47.89,0,footway
1874,1357,5.13,0,footway
1874,1901,18.58,0,footway
1875,1527,98.70,0,service
1876,1018,24.89,0,footway
1876,1020,96.81,0,footway
1876,1919,12.70,0,path
1877,40,5.34,0,service
1877,1212,103.55,0,service
1877,1853,14.24,0,footway
1877,1854,18.06,0,footway
1878,821,5.73,0,footway
1878,952,18.77,0,footway
1878,1128,5.76,0,footway
1879,1863,2.52,0,footway
1880,1863,16.33,0,footway
1881,806,5.04,0,footway
1881,807,4.33,0,footway
1881,1882,17.13,1,footway|steps
1882,165,43.64,0,footway
1882,176,11.34,0,footway
1882,1881,17.13,1,footway|steps
1883,329,14.00,0,service
1883,424,46.53,0,service
1883,1884,20.61,0,service
1884,1883,20.61,0,service
1885,324,4.55,0,footway
1885,551,45.25,1,footway|steps
1885,1928,57.86,1,footway|steps
1886,198,84.72,0,footway|path
1886,427,44.72,0,path
1886,1944,48.26,0,path
1887,514,39.51,0,footway|service
1887,841,4.35,0,footway
1887,844,13.44,0,footway
1888,841,4.27,0,footway
1889,1890,3.77,0,footway
1889,1892,8.92,0,footway
1889,1895,11.73,1,footway|steps
1890,1889,3.77,0,footway
1890,1891,8.97,0,footway
1890,1896,11.60,1,footway|steps
1891,1890,8.97,0,footway
1891,1892,7.88,1,footway|steps
1891,1898,4.12,0,footway
1892,1889,8.92,0,footway
1892,1891,7.88,1,footway|steps
1892,1893,2.33,0,footway
1893,1892,2.33,0,footway
1894,1895,11.43,0,footway
1895,223,29.18,1,footway|steps
1895,1889,11.73,1,footway|steps
1895,1894,11.43,0,footway
1896,1890,11.60,1,footway|steps
1897,1898,5.04,0,footway
1898,843,20.70,0,footway
1898,1891,4.12,0,footway
1898,1897,5.04,0,footway
1899,1142,13.57,0,path
1899,1146,16.46,0,path
1899,1294,48.95,0,path
1899,1298,54.94,0,path
1900,1160,12.25,0,footway
1900,1356,11.40,0,footway
1900,1357,11.30,0,footway
1901,1874,18.58,0,footway
1902,272,5.37,0,footway
1902,1159,10.23,0,footway
1902,1903,37.73,0,footway
1903,1902,37.73,0,footway
1903,1904,8.37,0,footway
1903,1908,3.18,0,footway
1904,1903,8.37,0,footway
1905,1906,5.40,0,footway
1906,1905,5.40,0,footway
1906,1907,29.13,0,footway
1906,1908,13.77,0,footway
1907,1349,20.11,0,footway
1907,1906,29.13,0,footway
1907,1908,13.30,0,footway
1908,1903,3.18,0,footway
1908,1906,13.77,0,footway
1908,1907,13.30,0,footway
1909,226,12.50,1,footway|steps
1909,985,29.93,0,footway
1909,986,3.14,0,footway
1910,218,15.08,0,footway
1910,1338,10.66,0,footway
1910,1339,27.97,0,footway
1911,418,81.30,0,service
1911,1332,74.28,0,service
1911,1912,17.77,0,service
1912,1911,17.77,0,service
1913,255,9.77,0,service
1914,1915,1.45,0,footway
1915,758,2.22,0,footway
1915,1914,1.45,0,footway
1915,1929,62.22,1,footway|steps
1916,320,52.44,0,path
1916,468,477.32,0,path
1916,549,207.37,0,path
1917,49,97.58,0,track
1917,50,108.70,0,track
1917,413,108.33,0,path
1918,231,28.11,0,service
1918,549,62.09,1,steps
1918,1337,96.66,0,service
1919,1138,20.90,0,path
1919,1139,93.48,0,path
1919,1430,42.61,0,path
1919,1876,12.70,0,path
1920,1921,30.25,0,footway
1920,1922,20.34,0,footway
1920,1923,16.12,1,footway|steps
1921,1920,30.25,0,footway
1922,746,5.36,0,footway
1922,1920,20.34,0,footway
1922,1939,40.31,0,footway
1923,277,6.56,0,footway
1923,745,8.56,0,footway
1923,1920,16.12,1,footway|steps
1924,316,17.83,0,footway
1924,1307,21.08,0,footway
1924,1925,56.00,0,path
1925,315,27.17,0,path
1925,317,117.90,0,path
1925,1924,56.00,0,path
1925,1926,19.92,0,path
1926,276,42.99,0,track
1926,315,27.34,0,track
1926,1925,19.92,0,path
1927,1075,23.88,0,service
1927,1366,39.37,0,service
1927,1948,34.36,0,footway
1928,13,9.68,1,footway|steps
1928,1538,20.12,0,path
1928,1885,57.86,1,footway|steps
1929,324,13.58,1,footway|steps
1929,359,103.10,0,service
1929,1538,79.85,0,service
1929,1915,62.22,1,footway|steps
1930,1547,9.83,1,steps
1930,1931,1.61,0,footway
1930,1933,16.76,1,footway|steps
1931,1697,31.99,0,footway
1931,1930,1.61,0,footway
1931,1932,9.22,0,footway
1932,1171,53.05,0,service
1932,1172,21.58,0,service
1932,1931,9.22,0,footway
1933,907,10.22,0,footway
1933,1172,9.09,0,footway
1933,1930,16.76,1,footway|steps
1934,198,104.75,0,footway
1934,200,22.28,0,footway
1934,1523,31.41,0,footway
1935,427,65.34,0,footway
1935,1937,24.52,1,steps
1935,1948,19.17,1,footway|steps
1936,425,13.02,1,steps
1936,489,12.15,1,steps
1936,1937,12.23,1,steps
1937,489,6.13,0,footway
1937,1935,24.52,1,steps
1937,1936,12.23,1,steps
1938,1833,27.82,0,track
1939,1289,39.92,0,service
1939,1576,56.49,0,service
1939,1922,40.31,0,footway
1940,226,10.75,0,footway
1940,1333,16.93,0,footway
1940,1334,16.65,0,footway
1941,938,44.28,0,footway
1941,941,22.37,1,footway|steps
1941,1856,3.77,0,footway
1942,522,51.14,0,footway
1942,1725,21.64,0,footway
1942,1943,4.92,1,steps
1943,462,4.27,0,service
1943,1725,16.96,0,service
1943,1942,4.92,1,steps
1944,852,8.72,0,footway
1944,1886,48.26,0,path
1944,1945,6.14,0,footway
1945,1366,4.33,0,service
1945,1377,3.64,0,service
1945,1944,6.14,0,footway
1946,427,37.85,0,path
1946,1751,36.74,0,footway
1946,1947,14.32,0,footway
1947,414,22.90,0,path
1947,428,38.24,0,footway
1947,1946,14.32,0,footway
1948,1927,34.36,0,footway
1948,1935,19.17,1,footway|steps
1948,1949,35.18,1,footway|steps
1949,426,10.10,0,footway
1949,489,28.14,0,footway
1949,1948,35.18,1,footway|steps
1950,1448,24.22,0,path
1951,574,175.49,1,footway|path|steps
1951,1139,8.22,0,path
1951,1430,13.58,0,path
1952,32,23.88,0,path
1952,1184,69.68,0,path
1952,1839,19.32,0,path
1953,348,32.85,0,living_street|service
1953,1229,17.64,1,footway|steps
1953,1230,13.28,0,footway
1953,1566,65.32,0,living_street
1954,256,37.91,1,path|steps
1954,1186,4.37,0,footway
1954,1370,290.74,0,footway
1955,1011,4.39,0,footway
1955,1168,66.32,0,living_street
1955,1169,4.60,0,living_street
1956,1011,9.60,0,footway
1957,1053,6.78,0,path
1958,210,119.45,0,path
1959,9,63.90,0,tertiary
1959,84,62.31,0,tertiary
1959,622,79.88,0,path
